[
    14.13472514,     21.02203964,     25.01085758,     30.42487613,
    32.93506159,     37.58617816,     40.91871901,     43.32707328,
    48.00515088,     49.77383248,     52.97032148,     56.4462477,
    59.347044,     60.83177852,     65.11254405,     67.07981053,
    69.54640171,     72.06715767,     75.7046907,     77.14484007,
    79.33737502,     82.91038085,     84.73549298,     87.42527461,
    88.80911121,     92.49189927,     94.65134404,     95.87063423,
    98.83119422,     101.31785101,     103.72553804,     105.44662305,
    107.16861118,     111.02953554,     111.87465918,     114.32022092,
    116.22668032,     118.79078287,     121.370125,     122.94682929,
    124.25681855,     127.51668388,     129.5787042,     131.08768853,
    133.4977372,     134.75650975,     138.11604205,     139.73620895,
    141.1237074,     143.11184581,     146.00098249,     147.42276534,
    150.05352042,     150.92525761,     153.02469381,     156.11290929,
    157.59759182,     158.84998817,     161.18896414,     163.03070969,
    165.53706919,     167.18443998,     169.09451542,     169.91197648,
    173.41153652,     174.75419152,     176.4414343,     178.37740778,
    179.91648402,     182.20707848,     184.87446785,     185.59878368,
    187.22892258,     189.41615866,     192.02665636,     193.0797266,
    195.26539668,     196.87648184,     198.01530968,     201.26475194,
    202.49359451,     204.1896718,     205.3946972,     207.90625889,
    209.57650972,     211.6908626,     213.34791936,     214.54704478,
    216.16953851,     219.06759635,     220.71491884,     221.43070555,
    224.00700025,     224.98332467,     227.42144428,     229.33741331,
    231.2501887,     231.98723525,     233.69340418,     236.52422967,
    237.76982048,     239.55547757,     241.0491578,     242.82327193,
    244.0708985,     247.13699007,     248.10199006,     249.57368964,
    251.0149478,     253.06998675,     255.30625645,     256.38071369,
    258.61043949,     259.87440699,     260.8050845,     263.5738939,
    265.55785184,     266.61497378,     267.92191508,     269.97044902,
    271.49405564,     273.45960919,     275.58749265,     276.4520495,
    278.25074353,     279.22925093,     282.46511477,     283.21118573,
    284.83596398,     286.66744536,     287.9119205,     289.57985493,
    291.84629133,     293.55843414,     294.96536962,     295.57325488,
    297.97927706,     299.84032605,     301.64932546,     302.69674959,
    304.86437134,     305.7289126,     307.21949613,     310.10946315,
    311.16514153,     312.42780118,     313.98528573,     315.47561609,
    317.73480594,     318.85310426,     321.16013431,     322.14455867,
    323.46696956,     324.86286605,     327.44390126,     329.03307168,
    329.95323973,     331.47446758,     333.64537852,     334.21135483,
    336.84185043,     338.33999285,     339.85821673,     341.04226111,
    342.05487751,     344.66170294,     346.34787057,     347.27267758,
    349.31626087,     350.40841935,     351.87864903,     353.48890049,
    356.01757498,     357.15130225,     357.9526851,     359.74375495,
    361.2893617,     363.33133058,     364.73602411,     366.21271029,
    367.99357548,     368.9684381,     370.05091921,     373.06192837,
    373.86487391,     375.82591277,     376.32409223,     378.43668025,
    379.87297535,     381.48446862,     383.44352945,     384.95611681,
    385.86130085,     387.22289022,     388.84612835,     391.45608356,
    392.24508334,     393.42774384,     395.58287001,     396.38185422,
    397.91873621,     399.98511988,     401.8392286,     402.86191776,
    404.2364418,     405.13438746,     407.58146039,     408.9472455,
    410.51386919,     411.9722678,     413.26273607,     415.01880976,
    415.455215,     418.38770579,     419.86136482,     420.64382763,
    422.07671006,     423.71657963,     425.06988249,     427.20882508,
    428.12791408,     430.32874543,     431.30130693,     432.13864173,
    433.88921848,     436.16100643,     437.58169817,     438.62173866,
    439.91844221,     441.6831992,     442.9045463,     444.31933628,
    446.8606227,     447.44170419,     449.14854569,     450.12694578,
    451.40330845,     453.98673781,     454.97468377,     456.32842669,
    457.90389306,     459.51341528,     460.08794442,     462.06536727,
    464.05728691,     465.67153921,     466.57028693,     467.43904621,
    469.53600456,     470.77365548,     472.79917466,     473.83523235,
    475.60033937,     476.76901524,     478.07526377,     478.94218153,
    481.83033938,     482.83478279,     483.85142721,     485.53914813,
    486.52871826,     488.38056709,     489.66176158,     491.39882159,
    493.31444158,     493.95799781,     495.35882882,     496.42969622,
    498.58078243,     500.30908494,     501.60444697,     502.27627033,
    504.49977331,     505.41523174,     506.46415271,     508.80070034,
    510.26422794,     511.5622897,     512.62314453,     513.66898556,
    515.43505717,     517.58966857,     518.23422315,     520.10631041,
    521.52519345,     522.45669618,     523.96053089,     525.07738569,
    527.9036416,     528.40621385,     529.80622632,     530.86691788,
    532.68818303,     533.77963075,     535.66431408,     537.06975908,
    538.42852618,     540.21316638,     540.63139025,     541.84743712,
    544.3238901,     545.63683325,     547.01091206,     547.93161336,
    549.49756756,     550.97001004,     552.0495722,     553.76497212,
    555.79202056,     556.89947641,     557.56465917,     559.31623703,
    560.2408075,     562.55920762,     564.16087911,     564.50605594,
    566.69878768,     567.7317579,     568.92395518,     570.05111478,
    572.41998413,     573.61461053,     575.09388601,     575.80724714,
    577.03900347,     579.09883467,     580.13695936,     581.94657627,
    583.23608822,     584.5617059,     585.9845632,     586.74277189,
    588.13966327,     590.66039752,     591.72585807,     592.5713583,
    593.97471468,     595.7281537,     596.36276833,     598.49307735,
    599.54564036,     601.60213674,     602.57916789,     603.6256189,
    604.61621849,     606.38346042,     608.41321731,     609.38957515,
    610.83916294,     611.77420962,     613.59977868,     614.64623787,
    615.53856337,     618.11283137,     619.1844826,     620.27289367,
    621.70929453,     622.37500274,     624.26990002,     626.01928343,
    627.26839685,     628.32586236,     630.47388744,     630.80578093,
    632.22514117,     633.54685825,     635.52380031,     637.39719316,
    637.92551398,     638.92793827,     640.69479467,     641.94549967,
    643.27888378,     644.99057823,     646.3481916,     647.761753,
    648.78640089,     650.19751935,     650.66868389,     653.64957161,
    654.30192059,     655.70946302,     656.9640846,     658.17561442,
    659.66384597,     660.7167326,     662.29658643,     664.24460465,
    665.3427631,     666.5151477,     667.14849489,     668.97584882,
    670.32358521,     672.45818358,     673.04357829,     674.35589781,
    676.13967436,     677.23018067,     677.80044475,     679.74219788,
    681.89499153,     682.60273502,     684.01354981,     684.97262986,
    686.16322359,     687.96154318,     689.36894136,     690.47473503,
    692.45168442,     693.17697006,     694.5339087,     695.72633592,
    696.6260699,     699.13209548,     700.29673913,     701.30174295,
    702.22734315,     704.0338393,     705.12581395,     706.1846548,
    708.26907089,     709.22958857,     711.13027418,     711.90028991,
    712.74938347,     714.08277182,     716.11239645,     717.4825697,
    718.74278655,     719.69710099,     721.35116222,     722.27750498,
    723.84582105,     724.56261389,     727.05640323,     728.40548159,
    728.7587498,     730.41648212,     731.41735492,     732.81805271,
    734.78964325,     735.76545921,     737.05292891,     738.58042117,
    739.90952367,     740.57380745,     741.75733557,     743.89501314,
    745.34498955,     746.4993059,     747.67456362,     748.24275447,
    750.65595036,     750.96638107,     752.88762157,     754.32237047,
    755.83930898,     756.76824844,     758.10172925,     758.90023822,
    760.28236698,     762.70003325,     763.59306617,     764.30752272,
    766.0875401,     767.21847216,     768.28146181,     769.69340725,
    771.07083931,     772.96161757,     774.11774463,     775.0478471,
    775.99971196,     777.29974853,     779.15707695,     780.348925,
    782.13766439,     782.59794395,     784.28882261,     785.7390897,
    786.46114745,     787.46846382,     790.05909236,     790.83162047,
    792.42770761,     792.88865256,     794.48379187,     795.60659616,
    797.26347004,     798.70757017,     799.65433621,     801.60424646,
    802.54198488,     803.2430962,     804.76223911,     805.86163567,
    808.15181494,     809.19778336,     810.08180489,     811.18435885,
    812.77110839,     814.04591361,     814.87053963,     816.72773771,
    818.38066887,     819.20464217,     820.72189844,     821.71345413,
    822.19775749,     824.52629387,     826.03928738,     826.90581095,
    828.3401743,     829.43701097,     830.89588405,     831.79977766,
    833.00364091,     834.65191515,     836.69357619,     837.34733506,
    838.24902199,     839.46539481,     841.03638983,     842.04135421,
    844.16619661,     844.80599398,     846.19476993,     847.97171764,
    848.48928118,     849.86227435,     850.64544847,     853.16311258,
    854.09551172,     855.28671024,     856.48411749,     857.3107406,
    858.90402647,     860.4106709,     861.17109821,     863.18971977,
    864.34082393,     865.59466433,     866.4237399,     867.69312261,
    868.67049423,     870.84690233,     872.18875082,     873.09897897,
    873.90838924,     875.98528511,     876.60082583,     877.65469834,
    879.38095197,     880.83464885,     882.38669663,     883.43033184,
    884.19874311,     885.27230448,     886.85280196,     888.47556667,
    889.73529429,     890.81313211,     892.38643326,     893.11911757,
    894.88629232,     895.39791967,     896.63225156,     899.22152267,
    899.85888461,     900.84973986,     902.24320759,     903.09967444,
    904.70290272,     905.82994076,     907.65672947,     908.33354365,
    910.18633406,     911.23495149,     912.3310456,     912.82399925,
    914.73009696,     916.35500081,     917.82537757,     918.83653524,
    919.44834444,     921.15639551,     922.50062931,     923.2857198,
    924.77348393,     926.55155278,     927.85085899,     928.66365933,
    929.87409285,     931.00921134,     931.85274075,     934.38530684,
    934.99542486,     936.22864938,     937.53292571,     939.0243009,
    939.66094061,     941.15699964,     942.05234164,     944.18803581,
    945.3335625,     946.7658422,     947.0791831,     948.34664626,
    950.15161268,     951.03324873,     952.72798862,     954.12971927,
    954.82930894,     956.67547934,     957.5100526,     958.41459339,
    959.45916881,     961.66957247,     963.18208667,     963.56704019,
    965.05557962,     966.11075482,     967.37115377,     968.63630191,
    970.12561056,     971.07149149,     973.18536129,     973.87307899,
    974.77463507,     976.17850242,     976.91720212,     978.76667154,
    980.57800064,     981.2886153,     982.39648517,     983.57507601,
    985.18692866,     986.13051511,     986.75600841,     988.99262237,
    990.2239178,     991.37429415,     992.72869634,     993.21458096,
    994.40459057,     996.20533616,     997.51193475,     998.82754714,
    999.79157156,     1001.34948264,     1002.40430549,     1003.26780818,
    1004.67504412,     1005.5434203,     1008.00670431,     1008.7957099,
    1009.80659075,     1010.56975701,     1012.41004252,     1013.0586381,
    1014.68963262,     1016.06017894,     1017.26640236,     1018.60557252,
    1019.91243974,     1020.91747502,     1021.5443445,     1022.88527091,
    1025.2657242,     1025.70794437,     1027.46769352,     1028.12896426,
    1029.22729744,     1030.89736879,     1031.8331803,     1032.81288304,
    1034.61291553,     1036.19591736,     1037.02470765,     1038.08775224,
    1039.07740144,     1040.26403794,     1041.62152801,     1043.62395435,
    1044.51497583,     1045.10704235,     1047.08981748,     1047.98714749,
    1048.95378519,     1049.99628426,     1051.57657184,     1053.24578516,
    1054.78103948,     1055.00214648,     1056.68884736,     1057.10004366,
    1059.13376911,     1060.13951856,     1061.50130447,     1062.91538151,
    1064.07155107,     1065.12185511,     1066.46322347,     1067.41886012,
    1067.99000008,     1070.535042,     1071.61862322,     1072.54399801,
    1073.57035317,     1074.74777104,     1076.26662559,     1076.92405607,
    1078.64719848,     1079.80996543,     1081.17100234,     1082.95274972,
    1083.29546651,     1084.18326431,     1085.64783121,     1086.91199899,
    1088.75572467,     1089.79533792,     1090.86319103,     1091.72847297,
    1093.44087327,     1094.28445752,     1095.43308476,     1096.40191779,
    1098.84101547,     1099.36066718,     1100.57446062,     1101.83911117,
    1102.5517799,     1103.73229717,     1105.61718883,     1106.77437168,
    1107.77453196,     1109.15891886,     1110.44414299,     1111.44350476,
    1112.43299541,     1113.39759511,     1115.06535946,     1116.78725388,
    1117.96591967,     1118.68413486,     1119.47324743,     1121.15593768,
    1122.45862136,     1123.10111739,     1125.3147294,     1125.76344243,
    1127.65802353,     1128.43022461,     1129.72899678,     1130.3915979,
    1131.49508556,     1133.70862567,     1134.88565459,     1135.56221398,
    1136.92929348,     1138.15158978,     1138.99234182,     1140.72184817,
    1141.26102296,     1142.85865961,     1144.78229952,     1145.48532752,
    1146.57681492,     1147.50177652,     1148.61527721,     1149.98260103,
    1151.56281472,     1152.94312853,     1153.89030372,     1154.69751954,
    1156.62156783,     1157.43231458,     1158.00160903,     1159.48065702,
    1161.39664463,     1162.4875286,     1163.70103168,     1164.73758635,
    1165.27122771,     1166.94361341,     1168.08627161,     1169.69835688,
    1170.46363858,     1172.12068187,     1173.30568776,     1174.23276686,
    1175.2154524,     1176.63287581,     1177.10630442,     1179.7012235,
    1180.65354379,     1181.26731815,     1182.58227035,     1183.7127753,
    1185.15584285,     1185.8753587,     1187.34516149,     1188.8564443,
    1189.9636365,     1191.48260593,     1192.21861148,     1193.32402143,
    1193.85742714,     1196.03467175,     1197.07178666,     1198.6865691,
    1199.35651371,     1200.53269203,     1201.81033486,     1203.13735086,
    1203.85524759,     1204.98549217,     1206.87049979,     1208.47145995,
    1208.98948417,     1209.89803009,     1211.41611589,     1212.11315307,
    1213.59837268,     1215.38997507,     1216.18372203,     1217.1744825,
    1219.05002818,     1219.61447131,     1220.81634769,     1221.69224248,
    1222.9524841,     1225.01833002,     1225.85502076,     1227.23182764,
    1227.91714161,     1228.79315436,     1230.58460315,     1231.56227388,
    1232.52958704,     1234.27781665,     1235.50254853,     1236.39901747,
    1237.97729851,     1238.4572328,     1239.49080715,     1240.81347179,
    1243.0780764,     1243.53814653,     1244.85143397,     1245.65586619,
    1247.37256197,     1248.06306105,     1249.15988795,     1250.67239728,
    1251.659832,     1253.67357785,     1254.43132842,     1255.40823065,
    1256.1812142,     1257.54121941,     1258.77923349,     1260.34454832,
    1261.61171716,     1262.556614,     1263.67673284,     1264.95722301,
    1266.17903776,     1267.20034561,     1267.57057178,     1270.11892189,
    1271.13429963,     1272.0839596,     1273.26114463,     1274.19622089,
    1275.09203032,     1276.84217156,     1277.76309199,     1279.33284332,
    1280.15579441,     1281.82872696,     1283.00049139,     1283.33503214,
    1284.85479515,     1285.69502333,     1287.41002662,     1289.16535153,
    1290.10477152,     1290.41770807,     1291.94587097,     1293.49398156,
    1294.11847438,     1295.36536351,     1296.80111099,     1298.25652707,
    1299.40517125,     1300.49001898,     1301.49551668,     1302.34674238,
    1303.27320023,     1305.40167219,     1306.50839331,     1307.26724211,
    1308.98819652,     1309.42153249,     1311.05657051,     1311.96694061,
    1313.03159937,     1314.05256565,     1316.2121126,     1317.07298603,
    1318.17127913,     1318.9478806,     1319.93108288,     1321.62813855,
    1322.25806712,     1324.22497872,     1325.23762436,     1325.98196963,
    1327.63528111,     1329.043518,     1329.20501879,     1330.42993712,
    1331.82759139,     1333.67352261,     1334.74732905,     1335.69497453,
    1336.69018465,     1337.68879181,     1338.9231646,     1340.42640046,
    1341.16627225,     1342.60850788,     1344.156044,     1345.47710626,
    1345.73141326,     1347.51947175,     1348.01723802,     1349.08519401,
    1351.29620637,     1352.21046516,     1353.48333836,     1353.88678197,
    1355.68059532,     1356.60565571,     1357.77174283,     1358.4601604,
    1360.39314476,     1361.39307471,     1363.0223286,     1363.8791908,
    1364.5765849,     1365.49373355,     1367.10409097,     1368.33019331,
    1369.68694908,     1370.97352277,     1371.68655355,     1373.20291456,
    1374.15479866,     1375.30239234,     1376.16177999,     1377.17763364,
    1379.68328303,     1380.14857844,     1381.07397715,     1382.34566298,
    1383.29759101,     1384.44441585,     1385.66377701,     1387.32664766,
    1387.92145413,     1389.5658318,     1390.70549029,     1391.85320044,
    1392.64402779,     1393.43340174,     1394.88418468,     1396.54416312,
    1397.83462332,     1398.8376752,     1399.83947294,     1400.4269463,
    1402.56434725,     1402.97374764,     1404.00629217,     1405.66697506,
    1407.08514278,     1408.1363075,     1409.32068108,     1410.02481073,
    1411.25705682,     1411.96565346,     1413.84314879,     1415.5857848,
    1415.7815813,     1417.10282293,     1418.69696385,     1419.42248095,
    1420.41652632,     1421.85056719,     1422.46131099,     1424.46304567,
    1425.87346924,     1426.64597968,     1427.36567111,     1428.59230588,
    1429.65047728,     1431.21831367,     1432.04974089,     1433.82194074,
    1434.58494217,     1435.69290738,     1437.22672162,     1438.00628484,
    1438.94955275,     1439.62279308,     1441.9609875,     1442.91105958,
    1444.04193071,     1445.07227846,     1445.83008478,     1447.2262271,
    1448.32385352,     1449.48877128,     1450.77356186,     1451.835298,
    1453.73759676,     1454.22601126,     1455.31209124,     1456.16779761,
    1457.53900167,     1458.39377737,     1460.68827054,     1461.24544335,
    1462.26612327,     1463.28689119,     1464.6969033,     1465.88955761,
    1466.50562111,     1467.70398959,     1469.34764988,     1470.96658913,
    1471.38876453,     1473.02013232,     1473.74564919,     1474.20322157,
    1476.09212704,     1477.43519115,     1478.44139597,     1479.75991871,
    1480.76687902,     1481.96468421,     1483.03295996,     1484.14358088,
    1484.81788323,     1486.17134903,     1488.11633798,     1489.25246695,
    1489.9708922,     1490.67069381,     1492.18009054,     1493.33083542,
    1494.15536861,     1495.76883298,     1497.06550557,     1497.74736093,
    1499.64082475,     1500.35195152,     1501.11932492,     1502.34606329,
    1503.09093313,     1505.26152965,     1506.15298614,     1507.40750516,
    1508.25303103,     1509.28041936,     1510.39179745,     1511.92300546,
    1512.58976471,     1513.58976554,     1515.70834359,     1516.43598972,
    1517.71980625,     1518.41479149,     1519.74100949,     1520.27362222,
    1521.90190907,     1523.48604715,     1524.72489216,     1525.22783723,
    1526.55231191,     1528.04093043,     1529.03445673,     1529.36997537,
    1531.02074297,     1532.22232694,     1533.88697791,     1535.04227747,
    1535.7695024,     1536.62070182,     1537.65106217,     1539.30285486,
    1540.03027014,     1541.74224876,     1542.49652292,     1544.11867005,
    1544.83460823,     1546.09119779,     1547.29758112,     1547.8065638,
    1548.87134818,     1551.27384533,     1552.00687284,     1552.73610533,
    1554.15651911,     1554.92128516,     1556.1629875,     1557.39450702,
    1558.33915285,     1559.78115439,     1560.87647578,     1562.41015318,
    1563.38540096,     1564.17794046,     1564.91578826,     1566.2664156,
    1567.62345072,     1569.0224778,     1570.50927787,     1571.04538149,
    1571.84535209,     1573.80656333,     1574.23091543,     1575.63815495,
    1576.16135236,     1578.11882695,     1579.51405507,     1580.37208163,
    1581.36355177,     1582.32948694,     1583.39469344,     1584.23484807,
    1586.29321075,     1587.00434211,     1588.16340403,     1589.35794595,
    1590.83590432,     1591.29388437,     1592.63716704,     1593.58480819,
    1594.44268966,     1596.48449241,     1597.71589594,     1598.42079855,
    1599.61934895,     1600.0480449,     1601.91194623,     1602.81540479,
    1603.655203,     1605.52164665,     1606.29341813,     1607.55690521,
    1608.83629531,     1610.00326419,     1610.25382316,     1611.43714127,
    1613.07885545,     1614.71062785,     1615.57460872,     1616.39839484,
    1617.73468484,     1618.53751783,     1619.95250126,     1620.77431082,
    1622.0987517,     1622.9777677,     1625.02185666,     1625.98702016,
    1626.39991931,     1627.75544128,     1628.71531686,     1629.65866895,
    1631.19481455,     1632.79818357,     1633.51251689,     1634.51682266,
    1635.71836633,     1637.08919017,     1637.99464359,     1638.5996583,
    1639.82123573,     1641.89981901,     1642.48977982,     1644.15206596,
    1644.71374577,     1645.57376036,     1646.62486659,     1648.27059822,
    1649.11853541,     1650.41698898,     1651.73269334,     1652.6710659,
    1654.20589676,     1654.72665239,     1655.82277568,     1657.1142364,
    1657.56710118,     1660.01998034,     1660.86005683,     1661.83689288,
    1662.37720255,     1664.05726542,     1664.96800449,     1665.87764041,
    1667.24112505,     1668.36822933,     1669.66972845,     1671.04718243,
    1671.98425933,     1672.96337083,     1673.68744533,     1674.6484621,
    1676.36248632,     1677.69122714,     1678.63036809,     1680.07794672,
    1680.50477011,     1681.81232017,     1683.27328926,     1684.17165684,
    1684.55886325,     1686.42112195,     1688.08014269,     1688.93386851,
    1689.70315426,     1691.05155992,     1691.51519289,     1693.05302093,
    1694.01756465,     1695.83255447,     1696.65499744,     1697.34251429,
    1699.22954719,     1699.96681727,     1700.82030325,     1701.825551,
    1702.92324976,     1704.29141243,     1706.25603243,     1706.61566504,
    1707.91231249,     1708.51211618,     1709.7808423,     1711.13760326,
    1712.15539765,     1713.05534173,     1714.71714526,     1715.82528304,
    1716.76998372,     1717.97448507,     1718.9541525,     1719.72446932,
    1720.49807095,     1722.84466174,     1723.53282263,     1724.73395874,
    1725.63862802,     1726.60570074,     1728.16650676,     1728.64448648,
    1730.02387254,     1731.01419376,     1732.43016986,     1733.84082502,
    1735.17546602,     1735.62471534,     1736.30566273,     1737.89388479,
    1738.78323759,     1740.16911568,     1741.77916781,     1742.46768072,
    1743.42643686,     1744.72151194,     1746.0974986,     1746.59545663,
    1747.78169553,     1748.56398738,     1750.82281849,     1751.61779495,
    1752.51151114,     1753.66135524,     1754.76336987,     1755.16969407,
    1757.04651846,     1757.98407703,     1759.24008565,     1760.21516624,
    1761.85489994,     1762.49768887,     1763.7191215,     1764.59147685,
    1765.40049399,     1766.6762436,     1768.29597114,     1769.94095205,
    1770.24367731,     1771.21294498,     1772.32800036,     1773.89491551,
    1774.66043099,     1775.34198757,     1777.25586022,     1778.04173476,
    1779.55227081,     1780.66522849,     1781.35563772,     1782.43906732,
    1783.08482952,     1784.6079464,     1786.34220118,     1787.04927309,
    1788.21512348,     1789.24217996,     1790.44956237,     1791.25440982,
    1792.61610274,     1793.52539065,     1794.17848201,     1796.46514054,
    1797.37633567,     1798.14706746,     1799.23164721,     1800.02472402,
    1801.30963695,     1802.30128349,     1803.79684381,     1804.90416097,
    1806.28966702,     1806.57839175,     1808.71443187,     1809.11927379,
    1810.10889299,     1810.87371916,     1812.420077,     1814.02414035,
    1814.97308236,     1816.33861122,     1816.75802337,     1817.71060856,
    1819.2603341,     1820.18788219,     1821.30570837,     1822.42767144,
    1823.7662659,     1825.21367689,     1825.91568361,     1826.79545527,
    1828.2112705,     1828.62109176,     1829.83252971,     1831.9363799,
    1832.98494024,     1833.27323903,     1834.72155975,     1835.88375444,
    1836.82767252,     1838.08694331,     1838.64028871,     1840.19556347,
    1841.47858257,     1842.87595528,     1843.77105774,     1844.75904365,
    1845.41753415,     1846.35325342,     1848.33098062,     1848.72276091,
    1850.60118405,     1851.40036199,     1852.34220473,     1853.51934292,
    1854.85563212,     1855.59293494,     1856.38917915,     1857.49807481,
    1859.49527157,     1860.54138811,     1861.37967155,     1862.12146493,
    1863.42546485,     1864.35398134,     1865.36743379,     1866.83654702,
    1868.085191,     1868.70674568,     1870.42147177,     1871.4160431,
    1872.44156643,     1872.86566764,     1874.50836141,     1874.91377401,
    1877.09506417,     1878.02225148,     1879.15330309,     1880.08232542,
    1880.61176648,     1882.3219748,     1883.40872427,     1884.00577835,
    1885.19807513,     1887.05389481,     1887.80884142,     1888.93818264,
    1890.34812861,     1890.61212859,     1891.67851054,     1892.86770134,
    1894.55853757,     1895.69715565,     1896.58549435,     1897.51369286,
    1898.82937282,     1900.00614483,     1900.57188427,     1901.89130575,
    1902.80505921,     1904.08932532,     1906.1027562,     1906.597678,
    1907.33278012,     1908.43306305,     1909.46593003,     1910.73365962,
    1911.70469094,     1913.18248978,     1914.35230005,     1915.05462933,
    1916.60637184,     1917.34470404,     1918.78649891,     1919.2077784,
    1919.93745737,     1922.10162562,     1923.28083794,     1924.0558311,
    1925.23198798,     1926.21158308,     1926.82009279,     1928.41751855,
    1929.48756018,     1930.25838718,     1931.76006944,     1932.87575455,
    1934.41643637,     1934.90794343,     1935.9248488,     1936.87309381,
    1937.9686335,     1939.05002915,     1940.97732671,     1941.82286222,
    1942.63356869,     1943.36794745,     1945.15379631,     1945.92271695,
    1946.60994536,     1947.91704774,     1949.03003007,     1950.74320155,
    1951.53669587,     1952.85012921,     1953.44855633,     1954.41858818,
    1955.31580928,     1956.84816458,     1958.31440356,     1958.85188346,
    1960.41884527,     1961.35927788,     1962.23357185,     1963.62118457,
    1964.35739094,     1965.37782951,     1966.11765857,     1968.47160202,
    1969.04761755,     1970.30500952,     1970.85554758,     1971.9703128,
    1973.18266341,     1974.34720191,     1975.0806103,     1977.1739437,
    1977.2714462,     1978.80144817,     1980.37177229,     1980.91004309,
    1981.7487689,     1982.6632792,     1983.92380462,     1985.41654017,
    1986.75710772,     1987.87347336,     1988.25187681,     1989.70200271,
    1990.47835253,     1992.00170639,     1992.78498788,     1993.57749314,
    1995.16873961,     1996.79617697,     1997.39091406,     1998.27900693,
    1999.54576418,     2000.4345153,     2000.92962069,     2002.89640837,
    2004.13966923,     2005.07784812,     2005.90093489,     2007.12518017,
    2008.41824033,     2009.17663412,     2010.15332477,     2011.02070507,
    2012.53893548,     2013.87209771,     2015.18672861,     2016.02963803,
    2016.80007566,     2017.38676725,     2019.26460022,     2019.88436714,
    2021.19604277,     2022.54561768,     2023.57291178,     2024.48826216,
    2025.8789062,     2026.73825891,     2027.57331706,     2028.58245935,
    2029.38547955,     2031.75055069,     2032.42078086,     2033.01789275,
    2034.55482879,     2035.0774401,     2036.52752648,     2037.21711109,
    2038.84173825,     2039.44321874,     2040.83911967,     2042.34458625,
    2043.21711656,     2044.12159329,     2045.03732086,     2045.80276043,
    2047.09833635,     2048.45409407,     2049.84752561,     2050.90605538,
    2051.7183882,     2052.40779019,     2054.0599169,     2055.18026733,
    2055.5726029,     2056.62086669,     2058.45065112,     2059.44802174,
    2060.86824721,     2061.3670592,     2062.57265092,     2063.2835595,
    2064.3048677,     2065.83267228,     2066.98522938,     2068.34563853,
    2068.66994108,     2070.50471759,     2071.37708317,     2071.99045481,
    2073.39760372,     2074.1710649,     2075.02806554,     2077.11757014,
    2078.15548464,     2078.93928811,     2079.56762846,     2080.91034346,
    2081.79968656,     2083.30027686,     2083.77999255,     2085.38981369,
    2086.58031853,     2087.47334099,     2088.7122812,     2090.03620676,
    2090.44755003,     2091.22158066,     2092.47321811,     2094.33591747,
    2095.13825666,     2096.34652998,     2097.37160636,     2097.9519222,
    2099.31165127,     2100.59374524,     2101.13548946,     2102.53510022,
    2103.39045481,     2105.37220659,     2105.99470434,     2107.17236243,
    2107.61791141,     2108.93838489,     2109.96314318,     2110.82237185,
    2112.90708752,     2113.48396645,     2114.39613733,     2115.50660279,
    2116.90005607,     2117.72239944,     2118.61864622,     2119.45642847,
    2120.69156259,     2122.46515117,     2123.3440423,     2124.37036874,
    2125.51240003,     2125.95878484,     2126.97571119,     2128.75229055,
    2129.40608023,     2130.55510228,     2132.08062099,     2132.79851647,
    2134.15493399,     2134.9507725,     2136.08689752,     2136.96747055,
    2137.50994053,     2139.38075999,     2140.94936264,     2141.71003596,
    2142.3550432,     2143.37444418,     2144.89533743,     2145.50575373,
    2146.62589448,     2147.78536735,     2149.15184938,     2149.91063986,
    2151.77688512,     2152.3902266,     2153.01196417,     2154.26362395,
    2154.93534585,     2156.39472726,     2157.85648957,     2158.87807229,
    2159.90228602,     2160.85306233,     2161.69217219,     2163.10712229,
    2164.04972036,     2165.01143717,     2165.50394902,     2167.69344425,
    2168.89061585,     2169.26382928,     2170.78707497,     2171.39636193,
    2172.25096283,     2173.52829697,     2174.7450208,     2176.20411947,
    2176.9394517,     2178.00420915,     2179.23218503,     2180.49531826,
    2181.25236701,     2181.72578303,     2183.33058402,     2184.10319076,
    2185.96552832,     2187.08569096,     2187.79845588,     2188.5587632,
    2189.4970729,     2191.09336305,     2191.7780174,     2192.82677054,
    2194.23153005,     2195.23168768,     2196.71597767,     2197.25874704,
    2198.68751268,     2199.30296532,     2200.35102091,     2200.91595303,
    2203.27745373,     2203.90636458,     2204.99780175,     2205.85576125,
    2207.17216191,     2207.80274134,     2209.1537444,     2210.20801499,
    2210.8509411,     2212.3435684,     2213.70025625,     2214.94992563,
    2215.82056569,     2216.29637589,     2217.46937512,     2218.52100691,
    2219.7998157,     2220.85215885,     2222.63660459,     2223.05505792,
    2223.77777251,     2225.56464512,     2226.33273441,     2227.24622938,
    2227.97057388,     2229.12795891,     2230.89869086,     2231.97715407,
    2232.92485387,     2233.72022225,     2234.81493453,     2235.54666214,
    2236.77364385,     2238.15479952,     2239.16774396,     2240.02120947,
    2241.53618652,     2242.62118016,     2243.37366842,     2244.3707017,
    2245.56528653,     2246.01655818,     2247.36443125,     2249.55019857,
    2249.77076655,     2251.04664194,     2251.84531834,     2252.67843267,
    2254.56224699,     2254.759079,     2255.82456557,     2257.34638468,
    2258.50184729,     2259.51784206,     2260.89025942,     2261.66006445,
    2262.67443065,     2262.87830538,     2264.67639971,     2265.76844612,
    2267.38450107,     2267.87917534,     2269.22699826,     2269.91910322,
    2271.32628247,     2272.0490157,     2273.34753405,     2273.95628915,
    2275.06866478,     2277.07931776,     2278.01262839,     2278.52594216,
    2279.50730584,     2280.87071985,     2281.35648361,     2282.69037514,
    2284.05601146,     2285.22224236,     2286.14981414,     2287.04615867,
    2288.57884945,     2289.33628471,     2290.24145821,     2291.09766361,
    2291.92890125,     2293.89614511,     2294.68791841,     2296.11509119,
    2296.99852247,     2297.37264758,     2298.61236337,     2299.96157762,
    2301.2341258,     2301.45484035,     2303.29548198,     2304.30513867,
    2305.50835679,     2306.51773307,     2307.35555337,     2308.21028463,
    2309.37035824,     2309.93112238,     2312.04799645,     2313.19091417,
    2313.68935997,     2314.62118211,     2316.04945472,     2316.9624945,
    2317.85153186,     2318.82603534,     2320.0885232,     2320.94953163,
    2322.81263261,     2323.53427424,     2324.51245523,     2325.55709649,
    2325.90301593,     2327.37685582,     2328.6348751,     2329.70572341,
    2331.01311029,     2331.94270781,     2332.98776543,     2333.72086337,
    2335.53171257,     2335.86715381,     2336.62103679,     2337.76173016,
    2339.6156839,     2340.82672671,     2341.32459619,     2342.65404166,
    2343.25915896,     2344.31121624,     2345.57048363,     2346.46411953,
    2347.93425464,     2348.84342363,     2349.73005426,     2351.45504693,
    2352.1957015,     2352.75087008,     2353.91213585,     2354.95108124,
    2355.81081398,     2357.60831592,     2358.9047052,     2359.43485908,
    2360.31428509,     2361.34254164,     2362.71831792,     2363.49561765,
    2364.75117609,     2365.19151506,     2367.24921984,     2367.95770182,
    2369.22057777,     2370.09339028,     2371.10074793,     2371.93813779,
    2372.44034726,     2374.44423072,     2375.54396704,     2376.35546352,
    2377.75540791,     2378.21296168,     2379.72650295,     2380.54565722,
    2381.50012371,     2382.53083057,     2383.35601392,     2384.96507164,
    2386.43093711,     2387.29908412,     2387.81356856,     2388.74820764,
    2389.95598811,     2391.26054987,     2391.75498234,     2393.63059329,
    2394.48536786,     2395.27016999,     2396.60387876,     2397.79164376,
    2398.55831138,     2399.43383291,     2400.15235652,     2401.48299838,
    2403.41879845,     2403.97531515,     2404.92159349,     2406.25398872,
    2406.73285118,     2407.71591042,     2409.44150235,     2409.88160268,
    2411.12619338,     2412.22293584,     2413.97612319,     2414.3798798,
    2415.57689347,     2416.53405463,     2417.27808742,     2418.22944327,
    2419.50791716,     2421.14294399,     2422.15208493,     2422.99623012,
    2423.50414689,     2425.12476021,     2426.19343754,     2426.90706429,
    2427.64089695,     2429.18559599,     2430.26581264,     2431.6111351,
    2432.7275693,     2433.7058968,     2433.91687324,     2435.34889436,
    2436.19160038,     2437.79407611,     2438.67179079,     2439.92712722,
    2440.82616029,     2441.92983655,     2443.03356006,     2443.7754364,
    2445.15438102,     2445.7449521,     2446.39852331,     2448.98831229,
    2449.23103201,     2450.50365058,     2451.18170831,     2452.28336574,
    2453.25748581,     2454.30056184,     2455.48228838,     2456.51455184,
    2457.90799909,     2458.54679984,     2460.01357947,     2461.20229537,
    2461.73162865,     2462.46429491,     2463.5696673,     2464.92781636,
    2466.18309701,     2467.64086078,     2468.1868163,     2469.33626389,
    2469.78148503,     2471.53929774,     2472.33641759,     2473.10712473,
    2474.23784973,     2475.53935386,     2477.0217551,     2478.01485402,
    2478.39759758,     2479.97735198,     2480.43360699,     2481.35676728,
    2482.68341152,     2484.50323827,     2485.08759054,     2485.78562071,
    2487.33383644,     2488.11383175,     2489.26115745,     2490.05109052,
    2491.10551642,     2491.90747393,     2493.48929545,     2494.86617783,
    2495.84684042,     2496.4853367,     2497.64846525,     2497.96997397,
    2499.86204282,     2500.56438641,     2501.57774467,     2503.18522721,
    2504.00893366,     2504.77215251,     2506.30535194,     2507.15188565,
    2507.87103958,     2508.7660461,     2509.65299744,     2511.66018979,
    2512.53822099,     2513.57951702,     2514.25985906,     2515.28648292,
    2516.57104914,     2517.14693188,     2518.55285204,     2519.63425264,
    2520.40232352,     2521.88517565,     2523.26348016,     2523.96705582,
    2524.6420458,     2525.68799332,     2526.86881006,     2527.41879116,
    2529.37804346,     2530.27367227,     2531.54396122,     2531.96938408,
    2533.0673171,     2534.4086141,     2535.50588607,     2536.09188492,
    2536.86748522,     2538.55982694,     2539.99840712,     2540.53166194,
    2541.99872915,     2542.68765051,     2543.34395509,     2544.29095366,
    2545.87801773,     2546.76114128,     2548.18161539,     2548.89598758,
    2549.99648449,     2551.41114199,     2551.88044596,     2553.275678,
    2553.7230692,     2555.05087529,     2555.83235075,     2558.00910594,
    2558.75221137,     2559.2342966,     2560.26328951,     2561.40563575,
    2562.42611334,     2563.5017189,     2564.33210785,     2565.97527048,
    2566.5575579,     2567.95859973,     2569.04309017,     2569.9481116,
    2570.95852566,     2571.54077415,     2572.36820819,     2574.20716395,
    2575.404512,     2576.14101118,     2577.51983553,     2578.07012993,
    2578.97129834,     2580.34611157,     2581.39814058,     2582.13873393,
    2583.00329454,     2584.75840244,     2585.7727394,     2586.92517896,
    2587.59100092,     2588.36821042,     2589.57926455,     2590.37169293,
    2591.54937845,     2593.27587681,     2594.02361833,     2594.90501155,
    2595.68753014,     2597.54614149,     2597.97935342,     2598.59876832,
    2600.12135506,     2600.64195232,     2602.41230056,     2603.62878112,
    2604.57356482,     2605.36807592,     2606.24366455,     2607.00363911,
    2608.36489965,     2609.55208674,     2610.44452094,     2611.54367038,
    2612.95680704,     2613.73192944,     2614.73713617,     2615.84770727,
    2616.90211824,     2617.33504693,     2618.29291548,     2620.27939369,
    2621.42905521,     2622.0486968,     2622.99450798,     2624.05060385,
    2624.90950178,     2626.46050223,     2626.7104714,     2628.09802652,
    2629.60413951,     2629.99480076,     2632.04311664,     2632.44365895,
    2633.67639994,     2633.96654343,     2635.21733162,     2636.432586,
    2637.51068336,     2639.06257305,     2640.05424588,     2640.46294283,
    2641.80174478,     2642.75575906,     2643.97090096,     2644.88786714,
    2645.39556728,     2646.68994017,     2648.57742928,     2649.32565355,
    2650.05854446,     2651.22733133,     2652.16077524,     2652.77064283,
    2653.89706975,     2655.61577233,     2656.2389985,     2657.53776076,
    2658.34155763,     2659.65831602,     2660.6102458,     2661.58257376,
    2662.18357344,     2663.39394562,     2664.23548908,     2666.03010148,
    2666.98284907,     2668.29185904,     2668.6636514,     2669.25374489,
    2670.99899858,     2671.91838267,     2672.60377959,     2673.87461871,
    2675.27175913,     2676.06649023,     2677.24619389,     2678.53815652,
    2679.0252816,     2680.03902155,     2680.84311713,     2681.84105146,
    2683.88227555,     2684.5291569,     2685.37711343,     2686.49616015,
    2687.48993981,     2688.3850816,     2689.42327598,     2690.63318686,
    2691.31838284,     2692.36871896,     2694.10282061,     2695.20895797,
    2695.75004924,     2696.69537258,     2697.85755822,     2698.29096132,
    2699.9420275,     2700.73120701,     2702.43354485,     2703.14365751,
    2703.98171424,     2704.95573755,     2706.52824733,     2707.09076465,
    2708.11706923,     2708.47652496,     2710.36835982,     2711.45822786,
    2712.78668733,     2713.5252893,     2714.36790669,     2715.33987163,
    2716.02504905,     2717.66577487,     2718.30865247,     2719.77099898,
    2720.4934749,     2721.79877562,     2723.08608274,     2723.76892885,
    2724.52392444,     2725.8829892,     2726.47970103,     2727.27445943,
    2729.39504167,     2730.49289181,     2730.79770208,     2732.00404991,
    2732.83012356,     2734.20078297,     2734.93885608,     2736.00047911,
    2736.92204844,     2738.26644416,     2739.5135473,     2740.31110942,
    2741.87885242,     2742.25410788,     2742.99306816,     2743.95346981,
    2745.3218319,     2746.71479895,     2747.514098,     2748.91619107,
    2749.64364979,     2750.31408341,     2751.82367146,     2752.71550249,
    2753.48779642,     2754.45866308,     2755.41687619,     2757.30186821,
    2758.27810333,     2758.85867097,     2759.89861392,     2760.65715154,
    2762.08288014,     2762.44458047,     2764.04184625,     2765.40769115,
    2766.15703559,     2766.88726975,     2768.66452389,     2769.1446988,
    2770.27909364,     2771.01739214,     2771.89629366,     2773.02971342,
    2774.67001073,     2775.72570734,     2776.61916031,     2777.5121252,
    2778.2896953,     2779.12753913,     2780.77111838,     2781.65607023,
    2781.98923965,     2783.94366529,     2784.70528388,     2786.04333574,
    2786.70256635,     2787.93202126,     2788.79627801,     2789.19756112,
    2790.49308079,     2792.11337856,     2793.30146924,     2794.23809334,
    2794.65382467,     2796.0347616,     2797.17453935,     2797.97290123,
    2798.79814018,     2800.06744482,     2800.93760312,     2802.22480154,
    2803.86495514,     2804.41893568,     2805.20530036,     2806.00273242,
    2807.13231837,     2808.1535012,     2809.29165225,     2810.72463408,
    2811.46099223,     2812.86199759,     2813.20148803,     2814.65675798,
    2815.83865399,     2816.33795482,     2817.45890732,     2817.94946216,
    2820.48884202,     2820.66084105,     2821.89193007,     2822.92302622,
    2823.86699206,     2824.28188412,     2825.87265669,     2826.71217037,
    2828.02997395,     2828.85152659,     2830.08754529,     2831.12842544,
    2832.41655086,     2833.13803585,     2833.65871723,     2834.98024846,
    2835.77584774,     2837.01447208,     2838.81288153,     2839.4857534,
    2840.28575491,     2840.92067297,     2842.33264108,     2843.46983788,
    2844.19898696,     2845.02543361,     2846.39077621,     2847.53593553,
    2848.77030856,     2849.79708665,     2850.4718882,     2851.67893804,
    2852.30372657,     2852.92621476,     2854.83239423,     2855.85372119,
    2856.81613354,     2857.73613981,     2858.85786036,     2859.83874895,
    2860.5774365,     2862.12020823,     2862.50696628,     2863.36358955,
    2864.91142676,     2866.49320976,     2867.14935609,     2868.22416366,
    2868.65762919,     2869.84345657,     2870.90950638,     2872.02351111,
    2872.85855518,     2874.56915407,     2875.28211917,     2875.88991434,
    2877.54664915,     2878.52700262,     2879.11990755,     2879.86897394,
    2880.97899474,     2882.15364639,     2884.01365755,     2884.34675779,
    2885.7730554,     2886.30887464,     2887.22488551,     2888.39438246,
    2889.40416805,     2890.64262636,     2891.28007822,     2892.46262402,
    2894.17444874,     2894.74655036,     2895.64110386,     2896.82540517,
    2897.42830057,     2898.54135318,     2899.17777984,     2901.26385036,
    2902.06510248,     2902.85578553,     2903.95787904,     2904.59819602,
    2906.1764176,     2906.92333934,     2907.60573691,     2908.65804552,
    2910.02823344,     2911.14290366,     2912.34590473,     2913.52278587,
    2914.04461107,     2914.80270222,     2915.68597533,     2917.27417344,
    2917.9824167,     2919.32177233,     2920.61555599,     2921.08319894,
    2922.39608456,     2923.39093236,     2924.33343499,     2925.26150912,
    2926.29543623,     2926.62401469,     2928.76107385,     2930.00436637,
    2930.7111687,     2931.06910111,     2932.80641442,     2933.17485716,
    2934.29071784,     2935.55246371,     2936.55037485,     2937.70895898,
    2938.58122035,     2939.84752916,     2941.26160153,     2941.42521776,
    2942.72488587,     2943.35368496,     2944.32164879,     2945.94449929,
    2946.9223949,     2948.37426186,     2948.86757721,     2949.79014303,
    2950.52110835,     2952.28382964,     2952.82717658,     2953.58903099,
    2954.71127529,     2956.25873042,     2957.23625925,     2958.29077625,
    2959.22101423,     2960.03361781,     2960.81483927,     2961.82597058,
    2962.81963634,     2964.63392149,     2965.39834158,     2966.06526975,
    2967.27019043,     2968.405349,     2969.40113666,     2970.04993011,
    2971.12223812,     2972.30888411,     2972.81168639,     2975.01802041,
    2975.61995717,     2976.52623214,     2977.55357491,     2977.98197851,
    2979.31904221,     2980.48738101,     2981.34394748,     2982.5237199,
    2983.82533327,     2984.6391778,     2985.54766624,     2986.80539338,
    2987.8561515,     2988.63469967,     2988.85504637,     2990.42327057,
    2992.16366868,     2992.86886638,     2993.97435309,     2994.86550705,
    2995.54026692,     2996.73650602,     2997.64720311,     2998.9593011,
    2999.49449299,     3001.02333116,     3001.70733246,     3003.47704285,
    3004.29097592,     3004.66230841,     3005.77292928,     3006.99073836,
    3007.46869922,     3008.88212087,     3010.51496213,     3011.34438018,
    3012.07469479,     3012.78845055,     3014.45908221,     3014.9116665,
    3016.34839417,     3016.70006081,     3017.78344019,     3019.46177578,
    3020.4876339,     3021.42040069,     3022.44748379,     3023.33850907,
    3023.93099607,     3024.79396387,     3026.51082691,     3027.29952281,
    3028.40152253,     3029.49938837,     3030.59452965,     3031.28921747,
    3032.75602936,     3033.21812397,     3034.36090719,     3035.07410395,
    3036.13311324,     3037.98038359,     3039.03365104,     3039.52160157,
    3040.50042756,     3041.25680355,     3042.65304985,     3043.67054162,
    3044.05512798,     3046.05003022,     3046.45450422,     3047.70881764,
    3048.92263249,     3050.01967676,     3050.80123332,     3051.34238334,
    3052.47684852,     3053.34826594,     3054.98652087,     3056.24292331,
    3056.76513811,     3058.01370301,     3058.90149469,     3059.43786176,
    3061.06270012,     3061.83758445,     3062.72687316,     3063.43508649,
    3065.28655559,     3066.3202504,     3067.07132024,     3068.01350134,
    3068.98426619,     3069.78290478,     3070.54262155,     3072.00099338,
    3073.18523778,     3074.52349429,     3075.03387288,     3075.83347924,
    3077.42747331,     3078.28622692,     3078.89737915,     3079.87139464,
    3080.85638234,     3082.16316376,     3083.36135799,     3084.8384515,
    3085.37726899,     3085.96552226,     3087.01881536,     3088.08343704,
    3089.22230894,     3090.2821949,     3091.1544697,     3092.68766704,
    3093.18544572,     3094.83306843,     3095.13203124,     3096.51548551,
    3097.34260653,     3098.03835497,     3098.75808985,     3101.07937309,
    3101.65737079,     3102.43608912,     3103.58991606,     3104.36254634,
    3105.39140237,     3106.39635265,     3107.48425586,     3108.30359627,
    3109.53309979,     3110.55720038,     3111.92072771,     3112.84073786,
    3113.75521367,     3114.4734162,     3115.00267241,     3116.72045082,
    3117.26972339,     3118.95501367,     3119.9575566,     3120.98621498,
    3121.33721976,     3122.61012888,     3124.15022516,     3124.52592265,
    3125.37444147,     3126.45011643,     3127.69301237,     3129.46861261,
    3129.79620551,     3130.87766373,     3131.86109022,     3132.69833137,
    3133.39888382,     3134.6354459,     3136.01556075,     3137.17517267,
    3137.61349521,     3139.0495085,     3140.13849414,     3141.00117483,
    3141.74803254,     3142.97945673,     3143.56749918,     3144.49048815,
    3146.28352838,     3147.34460663,     3148.37904187,     3148.86122878,
    3149.7717387,     3150.82465272,     3152.15105947,     3152.99456,
    3153.59697653,     3155.31210822,     3156.30035795,     3156.90576145,
    3158.57828771,     3159.26520466,     3159.80409758,     3161.06191258,
    3161.40243521,     3163.31195956,     3164.35053132,     3165.54059789,
    3166.13958671,     3167.12109476,     3168.19751571,     3169.17976461,
    3170.01413157,     3171.34395807,     3171.83777435,     3173.01163392,
    3174.81538598,     3175.52872274,     3176.48034352,     3176.91563601,
    3178.37170501,     3178.90259554,     3180.01121337,     3181.32850171,
    3182.83944692,     3183.20567335,     3184.45149996,     3185.21434458,
    3186.54586943,     3187.64616271,     3188.05548233,     3188.87746071,
    3190.16866196,     3191.70625636,     3192.68179162,     3193.55720847,
    3194.78670738,     3195.32669993,     3195.79389563,     3197.54716566,
    3198.43012577,     3199.24897711,     3200.66327023,     3201.42486636,
    3202.7782865,     3203.63089115,     3204.55741019,     3205.49758056,
    3206.2288933,     3207.27006236,     3208.08613389,     3210.35242054,
    3210.6703883,     3211.61883252,     3212.31922734,     3213.6064988,
    3214.66756249,     3215.3252989,     3216.49152469,     3217.43080478,
    3218.65998374,     3219.63917131,     3221.19834168,     3221.6094763,
    3222.81384082,     3223.37256638,     3224.21370652,     3225.36671596,
    3227.04410237,     3227.52514952,     3229.01631163,     3229.98106696,
    3230.33663673,     3231.74134792,     3232.73871312,     3233.9133606,
    3234.30659124,     3235.15461718,     3237.08757953,     3237.99823633,
    3239.09043456,     3239.76731408,     3240.60574728,     3241.59531294,
    3242.56830758,     3243.50165271,     3244.88415709,     3246.04015782,
    3246.84167616,     3247.57050353,     3249.30808575,     3249.90644632,
    3250.61332427,     3251.51063774,     3252.72399091,     3253.36901724,
    3255.14207659,     3256.34661282,     3256.9419432,     3257.83134001,
    3258.70671428,     3259.53973069,     3261.19212442,     3261.5353126,
    3262.71896869,     3263.78494049,     3265.1987716,     3266.15378642,
    3266.80395448,     3268.18851786,     3268.90940859,     3269.51678536,
    3270.31080346,     3272.01939761,     3273.36303297,     3274.05995301,
    3274.86356764,     3276.12415498,     3276.69455468,     3278.05947829,
    3278.98619373,     3279.48950964,     3280.97641871,     3281.70669082,
    3283.2391243,     3284.49986313,     3285.20282875,     3285.68225971,
    3286.71854034,     3287.77309199,     3288.93697285,     3289.72430654,
    3291.38572593,     3292.22264205,     3292.8567161,     3293.97586925,
    3295.26666323,     3296.02175476,     3296.87314216,     3297.83684231,
    3298.35787862,     3300.45057619,     3301.4137763,     3302.01709767,
    3303.31726184,     3303.81371921,     3305.07617724,     3305.4720887,
    3307.2217116,     3308.04540222,     3308.83287751,     3310.23570677,
    3311.15530612,     3312.34945945,     3313.19987667,     3313.84266227,
    3315.01501383,     3315.61974254,     3316.75245342,     3318.38747017,
    3319.41264899,     3320.47669968,     3320.88794146,     3321.6635727,
    3323.49092318,     3323.87512491,     3324.92568415,     3325.69162704,
    3327.33844175,     3327.98826921,     3329.46558395,     3330.29040036,
    3331.29940416,     3331.89228824,     3332.70089858,     3333.78138296,
    3335.04599642,     3336.57596843,     3337.0442119,     3338.15040736,
    3339.25667369,     3340.1171527,     3340.97226364,     3342.21155486,
    3343.05172228,     3343.60490851,     3344.85225587,     3346.84843082,
    3347.39783099,     3347.93600161,     3349.30102793,     3349.85625211,
    3350.80370402,     3352.1538041,     3352.84536454,     3354.27823128,
    3355.48368031,     3355.88057818,     3357.19815412,     3358.40269962,
    3359.35928307,     3359.85240438,     3360.5841533,     3361.88758862,
    3363.23387835,     3364.35576355,     3365.60095747,     3366.12088381,
    3367.05554254,     3367.76944387,     3369.18372855,     3370.06165175,
    3370.99753614,     3371.9224456,     3373.16014093,     3374.42747199,
    3375.37995576,     3376.29838604,     3376.82097085,     3378.25895696,
    3378.78060849,     3379.46019267,     3381.63464745,     3382.29671492,
    3383.34848958,     3383.87121242,     3385.17731083,     3386.16629575,
    3387.14956446,     3387.80877779,     3389.09188016,     3389.64887904,
    3391.48123373,     3392.14757263,     3393.65178589,     3394.13766635,
    3394.99110631,     3395.61485094,     3396.89006631,     3398.27167719,
    3398.84119722,     3400.32247655,     3401.3874507,     3402.00044141,
    3403.00886482,     3404.36276157,     3405.1329187,     3405.8099428,
    3406.67948281,     3407.72831429,     3409.57873685,     3410.42456521,
    3411.2236335,     3411.85583028,     3413.21903601,     3413.71081948,
    3415.0064153,     3415.80662357,     3417.20172553,     3418.19484271,
    3418.74424668,     3420.54058299,     3421.30753732,     3421.88242041,
    3423.12859419,     3423.61139467,     3424.72898986,     3425.83091774,
    3427.43181101,     3428.34501465,     3429.07716146,     3430.15880953,
    3430.61161868,     3432.02636653,     3433.30633116,     3433.76971016,
    3434.43293018,     3436.18360757,     3437.21916161,     3438.21261615,
    3439.11243015,     3440.22929959,     3440.84402577,     3441.46797767,
    3442.68339245,     3444.0365707,     3445.27743247,     3446.01538616,
    3447.15892542,     3447.70051761,     3449.49700272,     3449.68500106,
    3450.72348759,     3451.94066943,     3452.56981677,     3453.67789392,
    3455.48879943,     3456.25861456,     3457.18417289,     3457.57359886,
    3458.66541062,     3460.04606402,     3460.48423047,     3461.9159712,
    3462.8967324,     3464.08383216,     3464.97769525,     3465.82715573,
    3467.20440399,     3467.90947108,     3468.77555137,     3469.55191313,
    3470.21410896,     3472.24901822,     3473.1687634,     3473.81488202,
    3475.21910673,     3475.71779282,     3476.51993177,     3477.70019028,
    3479.04983018,     3479.46596531,     3480.68291595,     3481.77639669,
    3483.0578568,     3484.15938805,     3484.88458535,     3485.69149773,
    3486.53433967,     3487.53947784,     3488.45577662,     3489.66512332,
    3491.55056137,     3491.81109997,     3492.41443558,     3493.72061308,
    3494.81640848,     3495.98893197,     3496.35036136,     3497.37296054,
    3498.57613654,     3499.68655382,     3501.14591959,     3501.89709523,
    3502.77586795,     3503.63621579,     3504.58892777,     3504.9926272,
    3506.86077899,     3507.5452738,     3508.77250087,     3509.63640804,
    3510.84508364,     3511.73109111,     3512.47358684,     3513.87757387,
    3514.36675224,     3515.41680885,     3515.9018145,     3518.02644524,
    3518.86840921,     3519.87018674,     3520.49166597,     3521.3650409,
    3522.38221289,     3523.63583572,     3524.21522074,     3525.38656664,
    3526.67025671,     3527.61520705,     3528.35182458,     3529.95574435,
    3530.8350468,     3531.20102396,     3532.03850885,     3533.3282434,
    3534.06258828,     3535.77257694,     3536.63325071,     3537.70801306,
    3538.50056891,     3539.08993653,     3540.45675881,     3541.35752238,
    3542.34088392,     3543.32230654,     3543.81679629,     3545.69921217,
    3546.8641346,     3547.3147814,     3548.35125296,     3549.45835678,
    3550.06505923,     3550.85329837,     3552.08020975,     3553.8406806,
    3554.16503479,     3555.53414507,     3556.06523454,     3557.42710235,
    3558.34934504,     3559.2656647,     3560.01924882,     3560.77618333,
    3562.16243508,     3563.21512149,     3564.76077071,     3565.39642289,
    3566.28491078,     3566.9166839,     3567.73325175,     3569.34313209,
    3570.00867136,     3570.82291655,     3572.51396563,     3573.0798043,
    3574.10001631,     3575.49315575,     3575.95537964,     3577.20528399,
    3577.98118411,     3578.41038262,     3579.75010261,     3581.58533824,
    3582.39491662,     3582.92304219,     3583.94557477,     3585.20627871,
    3585.68444866,     3586.84074501,     3587.96881367,     3588.85944452,
    3589.74500655,     3590.98347129,     3592.40588908,     3593.02855884,
    3594.22727479,     3594.4692727,     3595.77906375,     3596.42177254,
    3597.80264129,     3598.94856021,     3600.1663238,     3601.10401369,
    3601.79128275,     3602.41889426,     3604.24805363,     3604.75498402,
    3605.49447497,     3606.35931762,     3607.57480965,     3609.28333303,
    3609.70026617,     3611.10163155,     3611.91099468,     3612.32419269,
    3613.54902124,     3614.32781464,     3615.60626812,     3616.84068913,
    3617.8028424,     3618.45255852,     3619.88572351,     3620.70557045,
    3621.88613237,     3622.1792745,     3623.55846847,     3624.43750356,
    3624.8817266,     3627.06031552,     3627.94911479,     3628.61037506,
    3629.40721761,     3630.36342505,     3631.30868429,     3632.47817834,
    3633.44015778,     3634.05619309,     3635.67363343,     3636.43963836,
    3637.54065772,     3638.55370768,     3639.67980652,     3640.36297649,
    3641.01053815,     3641.70712324,     3643.47957365,     3644.40335834,
    3645.63211664,     3646.45089437,     3647.28426168,     3648.15845469,
    3649.16616413,     3650.30204357,     3651.25310616,     3651.78352337,
    3653.0883262,     3654.2114375,     3655.90572644,     3656.33452977,
    3656.89282963,     3658.12937219,     3658.92168955,     3659.90750075,
    3660.73566581,     3662.3689493,     3663.44828885,     3664.0020071,
    3664.87813773,     3666.23702597,     3667.30733923,     3667.73563895,
    3669.03019116,     3669.42374631,     3670.73199727,     3672.34935129,
    3673.15917614,     3674.08760896,     3675.26261013,     3675.66248425,
    3676.36893814,     3677.89329566,     3678.84778306,     3679.81831165,
    3680.58398391,     3682.41873144,     3682.57173055,     3683.9710242,
    3684.85989309,     3685.97444214,     3686.27133718,     3687.53841376,
    3688.17702797,     3690.18425811,     3691.03916225,     3691.75693972,
    3692.64765393,     3693.37098474,     3694.79112672,     3695.67279013,
    3696.12198263,     3697.58596364,     3698.54736277,     3699.43029263,
    3700.83831676,     3702.05075699,     3702.46015593,     3703.34747608,
    3704.20989438,     3705.12922819,     3706.29472136,     3707.57905536,
    3708.65845287,     3709.58227172,     3710.37149178,     3711.40481818,
    3712.17013947,     3713.58358105,     3714.42467684,     3714.73933359,
    3715.84645903,     3717.75109592,     3718.49835547,     3719.4834954,
    3720.18204893,     3721.29604,     3722.05883677,     3722.62732055,
    3724.3881275,     3724.88231999,     3726.51771826,     3727.10529597,
    3727.93846596,     3729.4727917,     3730.18732068,     3731.07515925,
    3731.6529373,     3732.84747561,     3733.67169681,     3735.00764464,
    3736.46285562,     3737.42670278,     3737.84777933,     3738.58805547,
    3739.83169066,     3740.87515369,     3741.92507935,     3742.48501355,
    3743.85961621,     3744.84667197,     3746.13597251,     3746.8409531,
    3747.99712704,     3748.75286072,     3749.67270791,     3750.30315843,
    3751.16464451,     3753.18644913,     3753.94698907,     3754.50732188,
    3755.92281884,     3756.52497271,     3757.48143985,     3758.6964263,
    3759.35921668,     3760.58272913,     3761.08533495,     3762.4750791,
    3763.9998427,     3764.64428017,     3765.74602606,     3766.45596753,
    3766.87242148,     3768.33864016,     3769.29339431,     3770.1054979,
    3771.72899276,     3772.51233122,     3773.46732774,     3773.9415803,
    3775.75271184,     3776.25880734,     3777.14324433,     3777.8333706,
    3778.83937379,     3780.22648645,     3781.66864612,     3782.39057566,
    3783.12664946,     3784.26555035,     3784.8651051,     3785.7910186,
    3786.93569791,     3788.26366487,     3788.80005033,     3790.04177667,
    3791.0209144,     3792.56024767,     3792.8724795,     3793.79099028,
    3795.02165342,     3795.80858815,     3796.13917793,     3797.85405584,
    3799.29849708,     3800.1324264,     3800.87763558,     3801.59061718,
    3802.64023973,     3803.82920047,     3804.79084039,     3805.43464675,
    3806.29789676,     3808.0930499,     3808.45950784,     3809.87424831,
    3811.18471233,     3811.42822176,     3812.5447544,     3812.9783089,
    3814.32701746,     3815.53181986,     3816.60259813,     3817.76870791,
    3818.50553397,     3819.41449855,     3820.43831337,     3821.43805967,
    3822.37191339,     3823.14811041,     3824.41855312,     3824.54103716,
    3826.94762724,     3827.57633569,     3828.33952052,     3829.14481049,
    3830.16182392,     3831.03467912,     3831.93248713,     3832.94154885,
    3834.35309456,     3835.22039872,     3836.02288198,     3837.23884722,
    3838.08405867,     3839.42626847,     3839.97400277,     3840.50467875,
    3841.68234481,     3842.67853264,     3844.40355321,     3844.89701096,
    3846.48747548,     3846.74730118,     3847.68174967,     3848.41530101,
    3850.17020181,     3850.60392044,     3851.41010246,     3852.70310248,
    3853.86029385,     3854.90258633,     3855.95525447,     3856.7038674,
    3857.61058301,     3858.44858624,     3859.28573818,     3860.09300851,
    3861.85271933,     3862.98378367,     3863.65828602,     3864.150191,
    3865.56507721,     3866.82240411,     3866.97232812,     3868.41285907,
    3869.14466692,     3870.11403454,     3871.29175019,     3872.66654657,
    3873.81020838,     3874.22961484,     3875.10519758,     3876.17374069,
    3876.65796494,     3878.25617494,     3879.11033871,     3880.0822136,
    3881.54035051,     3882.11684526,     3882.89999255,     3884.20979921,
    3885.10996309,     3886.22520977,     3886.45128979,     3887.35201376,
    3889.15534634,     3890.30918197,     3891.086883,     3891.92993699,
    3893.00113108,     3893.40706208,     3894.78373029,     3895.56793127,
    3896.64263228,     3897.87075029,     3898.65196179,     3899.62374346,
    3901.00776461,     3902.07742704,     3902.41116051,     3903.35154307,
    3904.3791913,     3905.34485167,     3906.11931911,     3908.18816544,
    3908.60636267,     3909.4658474,     3910.63271686,     3910.91143824,
    3912.6429486,     3913.25913786,     3914.21992327,     3914.94900124,
    3916.17653856,     3917.65816595,     3918.44305299,     3919.22274096,
    3920.5404311,     3921.15257024,     3921.65256035,     3922.66520322,
    3924.19331053,     3925.24711926,     3926.17608358,     3927.08051737,
    3928.1422183,     3928.88655921,     3930.09928128,     3930.89108638,
    3931.74521736,     3932.62456809,     3933.51688184,     3934.93834781,
    3936.44328612,     3936.97423431,     3937.90538085,     3938.21461654,
    3939.77518681,     3940.4346376,     3941.63002965,     3942.35272219,
    3944.03036281,     3944.65091565,     3945.33306367,     3946.87898357,
    3947.70386407,     3948.4341922,     3949.31370582,     3950.13237551,
    3950.85946644,     3952.94287016,     3953.35652659,     3954.77862116,
    3955.17654637,     3956.42021719,     3957.01990178,     3957.95471795,
    3959.47075551,     3960.07102876,     3960.77053461,     3962.16846193,
    3963.47034886,     3964.31264952,     3965.1327071,     3966.13871499,
    3966.75389411,     3967.81876142,     3968.48465361,     3969.91460022,
    3971.31807021,     3972.11576026,     3973.0106815,     3973.45701478,
    3974.89341337,     3976.0661832,     3976.7314189,     3977.11390869,
    3978.68611998,     3979.49734118,     3980.84409978,     3982.04850209,
    3982.76406812,     3983.74979537,     3984.22743518,     3985.09872524,
    3986.51617904,     3987.23070915,     3988.71944926,     3989.35217581,
    3990.48140961,     3991.57089099,     3992.3311051,     3993.29316373,
    3994.395874,     3995.16845972,     3995.79781341,     3996.68904023,
    3998.8092923,     3999.51924829,     4000.01728518,     4001.14425863,
    4002.11234943,     4002.69571941,     4004.02245139,     4004.80673103,
    4005.87673744,     4006.93192082,     4008.14203089,     4008.68959625,
    4010.36101902,     4010.98331128,     4011.66388154,     4012.568916,
    4013.23368881,     4014.65729482,     4015.65765105,     4016.96893801,
    4018.02926846,     4018.7769516,     4019.10606504,     4020.5707731,
    4021.62801422,     4022.38010644,     4023.42850497,     4023.9051514,
    4025.58319903,     4026.6027591,     4027.86629757,     4028.24717292,
    4029.19555708,     4030.3832802,     4030.91610779,     4031.65431172,
    4033.37447688,     4034.52082016,     4035.10559903,     4036.0793896,
    4037.12601457,     4038.29069886,     4038.94831043,     4039.85781922,
    4040.94056322,     4041.46467764,     4042.7024804,     4044.322287,
    4045.05514739,     4046.21478483,     4046.73821082,     4047.46804433,
    4048.38070983,     4049.97370469,     4050.43139062,     4051.38437955,
    4052.99762598,     4053.56627208,     4054.69071287,     4055.4778525,
    4056.9963619,     4057.42890423,     4057.99349354,     4059.08542829,
    4060.04899601,     4061.74393305,     4062.85028869,     4063.15772546,
    4064.3583802,     4065.17847519,     4066.10959265,     4067.07410687,
    4068.08322383,     4068.96929763,     4070.28191257,     4070.60367765,
    4072.70512871,     4073.12645017,     4074.08768113,     4074.81706451,
    4075.74134667,     4076.71978186,     4077.41334548,     4078.92277136,
    4080.10830448,     4081.06608342,     4081.69856843,     4082.58834814,
    4083.63004286,     4084.9428832,     4085.51537059,     4086.37922107,
    4086.96747898,     4088.78188148,     4089.73028564,     4090.59126591,
    4091.91084616,     4092.29720646,     4093.24836223,     4093.90591195,
    4095.13793075,     4096.5108473,     4097.06368446,     4098.47518645,
    4099.24484529,     4100.10753413,     4101.57844792,     4102.03736254,
    4102.82594183,     4104.1413312,     4104.61309858,     4105.51285257,
    4107.32721936,     4108.62423343,     4108.85244316,     4109.71093129,
    4110.63431989,     4111.85984545,     4112.66720602,     4113.48598923,
    4114.68756784,     4115.6157738,     4116.81398089,     4117.60071074,
    4118.97435267,     4119.59633288,     4120.63421058,     4121.3486568,
    4121.79465879,     4123.24008667,     4124.64882938,     4125.59212845,
    4126.37806388,     4127.59337081,     4128.2981667,     4128.7776752,
    4130.46676378,     4131.1369799,     4131.92800243,     4132.72445131,
    4134.05064883,     4135.44176002,     4136.39668887,     4136.97485348,
    4137.96294138,     4138.83833956,     4139.46409916,     4140.89283012,
    4141.37377532,     4143.3470625,     4143.89762486,     4144.6032988,
    4145.56479257,     4147.07192228,     4147.59506955,     4148.65252078,
    4149.06945105,     4150.44509795,     4151.14685151,     4152.76872527,
    4153.83914675,     4154.63089901,     4155.33478726,     4156.29630496,
    4156.91390799,     4158.12933441,     4159.4804617,     4159.92166584,
    4161.09628118,     4162.37791459,     4163.27885305,     4164.13535144,
    4165.13916296,     4166.07842806,     4166.98417341,     4167.50987535,
    4168.30345363,     4170.48280611,     4170.87511438,     4172.13075805,
    4172.87696685,     4173.41686402,     4174.87318187,     4175.51205225,
    4176.64307192,     4177.32218862,     4178.53030418,     4179.57469943,
    4180.50318177,     4181.92249318,     4182.85079288,     4183.37750437,
    4183.84634446,     4185.31272768,     4185.95793669,     4187.20071885,
    4188.41997724,     4189.61527979,     4190.23326929,     4190.98591223,
    4192.10971235,     4193.17585117,     4194.09224588,     4194.89901389,
    4195.54135166,     4196.60454836,     4198.42598911,     4199.33519263,
    4199.63300283,     4200.99746347,     4201.82700224,     4202.41669875,
    4203.28081366,     4204.73601107,     4205.62736527,     4206.87019189,
    4207.3545421,     4208.7347821,     4209.64290276,     4210.54979319,
    4211.5279807,     4212.17022813,     4212.96729323,     4214.11768658,
    4215.17929328,     4216.83213576,     4217.49552425,     4218.23078863,
    4219.08641036,     4219.67206153,     4221.30673971,     4222.12667144,
    4222.50724371,     4223.90117999,     4225.28236585,     4225.72230733,
    4227.2106305,     4227.98470507,     4228.98083411,     4229.5334115,
    4230.65784798,     4231.00807975,     4232.66032738,     4234.13726075,
    4234.67218649,     4235.50281478,     4236.70877808,     4237.34310509,
    4238.58156243,     4239.08335509,     4240.60922328,     4241.10402429,
    4241.78375308,     4243.57365249,     4244.57582263,     4245.62106,
    4246.0109615,     4247.05066637,     4247.88286362,     4248.79822992,
    4249.84236055,     4251.02457192,     4252.06377038,     4253.45215704,
    4253.6419435,     4254.60674124,     4256.25397792,     4256.90391638,
    4257.39842607,     4258.4123095,     4259.2199715,     4260.8287804,
    4261.80131615,     4262.83491776,     4263.85107009,     4264.3264841,
    4265.19775353,     4266.1755263,     4267.37501812,     4268.22303206,
    4269.31196338,     4270.22894585,     4271.21935772,     4272.62654668,
    4273.26607038,     4274.00619849,     4275.10673263,     4275.86364807,
    4276.73317634,     4277.42004296,     4279.54886719,     4280.16162552,
    4280.97378769,     4281.58715976,     4282.94347914,     4283.49372863,
    4284.8449654,     4285.62905365,     4286.15810729,     4287.68051818,
    4288.50476627,     4289.81214576,     4290.68382636,     4291.67491939,
    4292.72644498,     4292.81726339,     4293.81381496,     4295.34821145,
    4296.24768755,     4297.26966849,     4298.66317909,     4299.05494728,
    4300.08914838,     4301.01205061,     4302.14519488,     4303.18338418,
    4303.5346369,     4304.617528,     4305.61382371,     4307.4490776,
    4307.99899175,     4309.17296498,     4309.35861507,     4310.6321761,
    4311.66200724,     4312.22643012,     4313.40137026,     4314.79928316,
    4315.57374181,     4316.46465631,     4317.35619074,     4318.86754285,
    4319.40682839,     4320.1622436,     4321.07489163,     4322.07616519,
    4322.66456649,     4324.54674801,     4325.29308573,     4326.35011858,
    4327.3946907,     4327.70036256,     4328.61576905,     4330.02783592,
    4330.89006579,     4331.85191562,     4332.30390229,     4334.02058108,
    4335.06314737,     4335.60666717,     4337.13366261,     4337.45184298,
    4338.71912216,     4339.02706151,     4340.08783254,     4341.41305096,
    4342.90161817,     4343.56320121,     4344.33464149,     4345.24965715,
    4346.24289621,     4347.62803007,     4347.78873532,     4348.97543085,
    4350.01392211,     4350.87138436,     4351.95251663,     4353.70018973,
    4354.22075763,     4354.72459659,     4355.89311078,     4356.48276641,
    4357.58759169,     4358.75564313,     4359.5001856,     4361.19107682,
    4361.4867345,     4362.76158319,     4363.52558132,     4364.54690885,
    4365.67199701,     4366.52730754,     4367.00051185,     4367.71104843,
    4369.53796493,     4370.73462751,     4371.36263302,     4372.22790651,
    4373.43317829,     4373.86380441,     4374.69509616,     4376.08322391,
    4376.9829533,     4377.76846336,     4379.10331588,     4379.75986453,
    4381.09102831,     4382.1259495,     4382.87574852,     4383.46642732,
    4384.41960114,     4385.57988633,     4386.08367871,     4387.75626003,
    4389.02947839,     4389.71963087,     4390.35110828,     4391.02121307,
    4392.57433767,     4393.35866255,     4394.02851113,     4395.06089384,
    4395.95109793,     4397.22322269,     4398.45171963,     4399.1774673,
    4400.27018004,     4401.17547155,     4401.53357408,     4402.80823452,
    4403.23956992,     4405.21860464,     4405.83230399,     4406.70687642,
    4407.97318094,     4408.62370786,     4409.66609713,     4410.49114198,
    4411.71520153,     4412.23724749,     4413.21656117,     4413.93404451,
    4415.85096183,     4416.59399903,     4417.58011698,     4418.24155647,
    4418.97152479,     4419.92245757,     4421.141218,     4421.90470121,
    4422.79074962,     4424.33966655,     4425.24490957,     4425.49564873,
    4427.16472066,     4428.07317584,     4428.88180243,     4429.48800957,
    4430.2474488,     4431.42434048,     4432.57562745,     4434.0292532,
    4434.77910484,     4435.52908329,     4436.42373798,     4437.39417368,
    4437.97686963,     4439.55756071,     4440.10758551,     4441.06499626,
    4441.98494858,     4443.36594187,     4444.56442411,     4445.23833854,
    4445.77275825,     4447.26309602,     4447.73296246,     4448.30190107,
    4449.63526812,     4451.0981208,     4452.18808371,     4452.68070207,
    4453.73455127,     4454.46290544,     4455.76265797,     4456.70325019,
    4457.24582634,     4458.18874933,     4459.17127902,     4460.54852929,
    4461.40414048,     4462.73462219,     4463.64764807,     4464.03852326,
    4464.81271613,     4465.80599757,     4467.22853288,     4467.73981702,
    4469.17066274,     4469.97803283,     4471.36175725,     4471.55019559,
    4472.95927202,     4474.18627758,     4474.31709178,     4475.80111093,
    4476.24651916,     4477.01585706,     4479.26942328,     4479.73066477,
    4480.53362974,     4481.41004022,     4482.36688569,     4483.23827747,
    4484.12362337,     4485.0522261,     4486.32721916,     4487.08419143,
    4488.07066725,     4489.24089555,     4490.29550699,     4491.21848125,
    4492.00827788,     4492.63803467,     4493.53363474,     4494.4937559,
    4495.81001803,     4496.89345177,     4498.10711205,     4498.77839407,
    4499.58522311,     4500.1646024,     4501.62718664,     4502.67385555,
    4503.32985435,     4503.71555568,     4505.45886709,     4506.31149673,
    4507.74518288,     4508.2114369,     4509.37144465,     4509.94366894,
    4511.04001403,     4511.4627186,     4512.80999111,     4514.07713959,
    4515.19130676,     4516.08984521,     4516.36567104,     4518.27538922,
    4518.58467922,     4519.57480002,     4520.53855501,     4521.47548515,
    4522.14407773,     4523.23746438,     4524.97339716,     4525.7908823,
    4526.34858636,     4527.35363312,     4527.94389354,     4529.06923459,
    4530.02523317,     4531.31896834,     4531.64357599,     4533.29797647,
    4534.13559824,     4534.935556,     4535.90756252,     4537.25256855,
    4537.80609834,     4538.50893509,     4539.18886292,     4540.34772662,
    4542.12966625,     4542.6204861,     4543.74692227,     4544.72027132,
    4545.26334364,     4546.14120742,     4547.59341537,     4547.93863601,
    4549.28107183,     4550.06868888,     4550.97969359,     4552.32192616,
    4553.53685028,     4554.19795105,     4554.95939149,     4555.5954736,
    4556.89131054,     4557.53397407,     4558.39662383,     4560.2159411,
    4560.99983351,     4561.6293466,     4562.59681709,     4563.41604627,
    4564.81595584,     4565.41695827,     4566.25332608,     4567.12145099,
    4567.94168648,     4569.6157703,     4570.43332917,     4571.45789879,
    4572.24986042,     4573.24617319,     4573.92413051,     4574.29762138,
    4576.18995439,     4576.7939178,     4577.85911143,     4578.92702583,
    4579.95691785,     4580.71708451,     4581.89418721,     4582.56824909,
    4583.67368792,     4584.3807685,     4584.97725817,     4586.20776261,
    4587.67487708,     4588.97791422,     4589.64344949,     4589.74881153,
    4591.20414651,     4592.04930909,     4593.15979157,     4593.83689199,
    4594.78719056,     4596.2636644,     4596.82990846,     4597.82081234,
    4599.37367244,     4599.90757944,     4600.63005411,     4601.60296182,
    4602.25612351,     4603.20969055,     4604.6416814,     4605.8834517,
    4606.4624724,     4607.75303259,     4608.21638094,     4609.22416078,
    4610.08423165,     4611.48467446,     4612.02859746,     4612.78885401,
    4613.68430764,     4615.53661609,     4616.22230066,     4616.95858278,
    4618.10767891,     4618.76717062,     4619.4655939,     4620.54436561,
    4621.34827922,     4622.81932312,     4623.80561194,     4624.72627876,
    4625.4092625,     4626.3429857,     4627.79022982,     4628.4634434,
    4628.97423476,     4629.88878294,     4631.22640699,     4631.76240104,
    4633.56443899,     4634.30710542,     4635.35716089,     4636.02834396,
    4636.39228075,     4637.79207198,     4638.74815375,     4639.71538082,
    4640.56173973,     4641.75827238,     4642.68575818,     4643.75173586,
    4644.75310553,     4645.36298735,     4646.73948607,     4647.11726373,
    4648.11260817,     4648.56488682,     4650.61433033,     4651.66412115,
    4652.08839913,     4653.11915606,     4654.0689496,     4654.94732396,
    4655.7215609,     4656.92241857,     4657.82089019,     4658.39494996,
    4659.91868761,     4660.56396393,     4662.0800046,     4662.94589092,
    4663.50502559,     4664.32289725,     4665.14137595,     4666.09079875,
    4667.42442827,     4668.05517775,     4669.82951352,     4670.35063175,
    4671.0321065,     4671.87784796,     4673.28269052,     4674.12671605,
    4674.74163986,     4675.72756669,     4676.33409582,     4677.93021915,
    4679.08749104,     4680.08846886,     4680.60639711,     4681.60489075,
    4682.64866243,     4683.02129107,     4684.18691479,     4685.40778964,
    4686.70815515,     4687.07217798,     4688.25260301,     4689.50506244,
    4690.17884001,     4691.29676879,     4691.86210009,     4692.86643286,
    4693.93941729,     4694.17394279,     4696.09584987,     4697.35414747,
    4697.77440376,     4698.92450421,     4699.49725223,     4700.15860328,
    4701.84258704,     4702.4376457,     4703.01517384,     4704.33811841,
    4705.48213878,     4706.4685709,     4707.18717195,     4708.59542745,
    4709.33267816,     4709.94494035,     4710.55224201,     4711.69198018,
    4712.77779748,     4714.24772311,     4714.99796282,     4715.95262173,
    4716.66023922,     4717.73340108,     4718.52989477,     4719.59570417,
    4720.38669437,     4721.53754094,     4721.95456182,     4723.23493494,
    4724.99642188,     4725.48719657,     4726.27114385,     4726.94929582,
    4728.21160435,     4728.75050723,     4729.66150155,     4730.96271432,
    4732.02190704,     4733.19376494,     4733.8440987,     4734.52781783,
    4736.04492394,     4736.59684006,     4737.78403555,     4738.43258252,
    4738.79373332,     4740.33256597,     4741.7218858,     4742.41403731,
    4743.71792063,     4744.42181148,     4744.99685327,     4745.84241903,
    4746.83959374,     4748.33580669,     4748.70088113,     4749.72810022,
    4751.21594906,     4751.68273258,     4753.0840261,     4753.91883584,
    4754.58956498,     4755.58894886,     4756.35614049,     4757.22267163,
    4757.97066957,     4760.15859021,     4760.44104806,     4761.51643076,
    4761.98399381,     4763.15818851,     4764.27542441,     4764.9984768,
    4765.80325538,     4766.88481806,     4767.86885883,     4768.72647093,
    4770.25649716,     4770.89128404,     4772.05749483,     4772.64493894,
    4773.43979777,     4774.05661973,     4775.39571125,     4776.42920125,
    4777.63567698,     4778.3741247,     4779.59615138,     4780.47912309,
    4780.7085875,     4782.35687443,     4783.34322413,     4783.7145168,
    4784.64096768,     4785.52541534,     4787.25267535,     4788.15257012,
    4788.99901574,     4789.69834793,     4790.73381587,     4791.29117082,
    4792.40882402,     4793.34731965,     4794.28676472,     4795.78011783,
    4796.35290343,     4797.0979336,     4798.42084186,     4799.6732114,
    4800.09776762,     4800.67100219,     4802.18836951,     4802.37785087,
    4803.70459268,     4805.07221648,     4806.37197358,     4806.92127059,
    4807.54101203,     4808.60449917,     4809.34688032,     4810.53188134,
    4811.63228884,     4812.1607722,     4813.04555212,     4814.68155982,
    4815.32427655,     4816.45175826,     4817.23287541,     4818.24013348,
    4819.0284262,     4819.75462817,     4820.21003002,     4822.22116487,
    4822.90572697,     4824.13753748,     4824.67839776,     4825.7362955,
    4826.49434121,     4827.76732126,     4828.33794662,     4829.38630992,
    4830.13682356,     4831.18569321,     4832.22486673,     4833.66326396,
    4834.66534119,     4835.14402661,     4835.95196678,     4836.60896538,
    4838.02670991,     4838.66048373,     4839.64715811,     4841.06472365,
    4842.04350469,     4842.5854124,     4843.621336,     4844.69961297,
    4845.69673442,     4846.65776014,     4846.91604933,     4848.10740539,
    4848.8850419,     4850.87151879,     4851.468723,     4852.00106508,
    4853.42581543,     4854.02700671,     4854.5742961,     4855.71846236,
    4856.92183008,     4857.81538026,     4858.60417222,     4859.68053162,
    4860.80933073,     4862.07665439,     4862.35934965,     4863.76015392,
    4864.19194867,     4865.05535127,     4866.07157827,     4866.95402127,
    4868.58832704,     4869.46663629,     4870.51725383,     4870.69656472,
    4871.70553953,     4873.19318138,     4873.81844623,     4874.78999678,
    4875.23766084,     4876.74314233,     4877.72529957,     4878.62900558,
    4880.05812736,     4880.609661,     4881.31101234,     4882.30446224,
    4882.89078594,     4883.92741423,     4885.36207472,     4886.27047888,
    4887.19848065,     4888.17561084,     4888.90807935,     4890.21445132,
    4890.62775689,     4891.78305607,     4892.93497904,     4893.38833764,
    4893.96316953,     4895.96373955,     4896.95774669,     4897.6507813,
    4898.45729177,     4899.16120069,     4900.42956338,     4900.74288175,
    4902.3072099,     4902.82163207,     4904.22863294,     4905.14248908,
    4906.09823814,     4906.69954197,     4908.33008935,     4908.91352144,
    4909.62411171,     4910.24508167,     4911.2919101,     4912.45130894,
    4913.66063762,     4914.79264583,     4915.70024069,     4916.33216448,
    4917.2307805,     4917.80753504,     4919.48703634,     4919.88932505,
    4920.84043054,     4921.97059063,     4922.71899137,     4924.31709825,
    4925.07760669,     4925.79502668,     4926.72764221,     4927.59795129,
    4928.5260648,     4928.95713625,     4930.24031844,     4932.03681277,
    4932.60067053,     4933.06812584,     4934.35228912,     4935.20099425,
    4936.13394952,     4937.20716299,     4937.7703657,     4938.75381553,
    4939.64172478,     4940.85229486,     4942.13552858,     4942.97689646,
    4943.97786673,     4944.64160302,     4945.18689852,     4946.11925348,
    4947.50049032,     4948.3898088,     4949.08591539,     4950.61581259,
    4951.50238493,     4951.87879792,     4953.20055567,     4954.25506768,
    4954.97657638,     4955.82225982,     4956.46605528,     4957.33188963,
    4959.02898932,     4960.16392841,     4960.75809026,     4961.68846294,
    4962.26195245,     4963.52611862,     4964.30703141,     4964.92523509,
    4966.63321627,     4966.86864559,     4968.39464093,     4968.83609466,
    4970.47998268,     4971.33924556,     4971.82499615,     4972.71349162,
    4973.71157803,     4974.43047815,     4975.31099714,     4976.96403408,
    4977.75515409,     4978.84785575,     4979.58089233,     4980.11876253,
    4981.19270375,     4982.51236153,     4983.22502731,     4983.97997583,
    4984.56854357,     4986.25256684,     4987.18790098,     4988.19159731,
    4988.90516659,     4990.34548029,     4990.44970182,     4991.21477441,
    4992.37946234,     4993.49574898,     4994.63274217,     4995.8792477,
    4996.22082088,     4997.39615071,     4998.3700302,     4999.32968137,
    5000.23431693,     5000.83438143,     5001.88977363,     5002.85400289,
    5003.48494438,     5005.49590749,     5006.20838111,     5006.78855881,
    5007.48598292,     5008.62619966,     5009.22904412,     5010.81117254,
    5010.93319811,     5012.39683374,     5013.53360587,     5014.23844206,
    5015.35792794,     5016.19254691,     5017.34775657,     5018.08491355,
    5018.93983185,     5019.39583147,     5020.3527594,     5022.20302298,
    5022.83452602,     5023.90488914,     5024.72575259,     5025.73099359,
    5026.18547688,     5027.22156371,     5028.53788682,     5029.21695694,
    5030.02693694,     5030.96785819,     5032.39906354,     5033.16656608,
    5034.55036116,     5035.01341641,     5035.52305844,     5036.84166711,
    5037.50069276,     5038.32431964,     5039.62188745,     5041.04139899,
    5041.79803452,     5042.49214972,     5043.01544539,     5044.65679109,
    5045.46713048,     5045.9416755,     5046.99761743,     5047.86308618,
    5048.79022882,     5050.3084597,     5051.10669953,     5052.27931047,
    5052.77215529,     5053.71236532,     5054.43454734,     5055.19267247,
    5056.60581308,     5057.58999624,     5058.34540942,     5059.43990582,
    5060.55908092,     5061.32624933,     5062.16847273,     5063.18271594,
    5064.33381362,     5064.62897297,     5065.48012496,     5066.57653918,
    5068.38481524,     5069.09593594,     5069.67554414,     5070.86855127,
    5071.24979728,     5072.41037266,     5073.48225618,     5074.35606204,
    5074.91147024,     5076.59863795,     5077.15298953,     5078.00110918,
    5079.61272617,     5080.12362214,     5081.13009777,     5081.69434443,
    5082.31778151,     5083.76984892,     5084.38743934,     5085.94423079,
    5086.99976158,     5087.53266894,     5088.59890132,     5089.17809391,
    5090.34587681,     5091.26295788,     5092.40194191,     5092.83776045,
    5093.66888011,     5095.08691306,     5096.63793319,     5096.95942386,
    5097.81442976,     5098.95678901,     5099.61074304,     5100.49146242,
    5101.03406305,     5102.64594862,     5103.72834125,     5104.41809305,
    5105.63863553,     5106.05222595,     5107.38574012,     5108.44777015,
    5108.9590967,     5109.83898209,     5110.80604167,     5111.50312465,
    5113.01015722,     5113.94604288,     5115.37284295,     5115.7267621,
    5116.56055746,     5117.02599341,     5118.53383877,     5119.36566916,
    5120.24002347,     5121.08349016,     5122.45478141,     5123.30289348,
    5124.06178499,     5125.25368676,     5126.27911802,     5126.72999329,
    5127.74171696,     5128.68162497,     5128.96448386,     5131.04389897,
    5132.00716784,     5132.68313705,     5133.30657599,     5134.66304388,
    5135.17196407,     5136.12993608,     5137.2062914,     5138.04295796,
    5139.12153096,     5139.67912565,     5141.09662394,     5142.44790786,
    5142.90203222,     5143.93370053,     5144.5877526,     5145.48044917,
    5146.14964592,     5147.56279184,     5148.25352736,     5149.76826028,
    5150.70961496,     5151.14184959,     5152.18621462,     5152.95312729,
    5154.65684544,     5154.8991438,     5155.49336258,     5156.50944733,
    5157.81906556,     5158.954824,     5160.05773625,     5160.85277993,
    5161.60539292,     5162.58718669,     5163.06016447,     5164.10231202,
    5165.30677151,     5166.19197291,     5167.4835944,     5167.99082806,
    5169.07019456,     5170.29151609,     5171.2359275,     5171.58548117,
    5172.80168888,     5173.67502456,     5174.35990114,     5175.09312278,
    5177.23713225,     5177.60963002,     5178.75219462,     5179.20260639,
    5180.1066262,     5181.18979241,     5182.13091402,     5182.99882633,
    5183.95030701,     5184.68579503,     5186.35574681,     5186.7094726,
    5187.88784777,     5189.07671961,     5189.85958866,     5190.35529113,
    5191.1268016,     5192.04648696,     5193.40441534,     5194.7074889,
    5195.15916385,     5196.7073242,     5197.11749833,     5197.71832418,
    5199.2238582,     5199.77632923,     5200.96131121,     5201.55584387,
    5202.45798972,     5203.52121695,     5205.09960699,     5205.9005957,
    5206.63316168,     5207.21506668,     5208.28852294,     5209.1382393,
    5210.01091105,     5210.8082187,     5212.41940447,     5213.31667424,
    5213.89694319,     5214.77525256,     5216.05449135,     5216.93200934,
    5217.65079532,     5218.69141301,     5219.05787722,     5220.22085517,
    5221.42295132,     5222.85878767,     5223.43442894,     5224.4574635,
    5225.2560651,     5226.14842411,     5226.35154038,     5228.18309867,
    5229.1985572,     5229.24181126,     5230.89720971,     5231.81508359,
    5232.88462019,     5233.6581151,     5234.64028989,     5235.57473517,
    5236.30046123,     5236.95743936,     5237.8016954,     5239.19278921,
    5240.60763604,     5241.50282546,     5241.82272042,     5242.79298539,
    5243.88254887,     5244.845451,     5245.75573252,     5246.27925086,
    5247.61032039,     5248.44153902,     5249.36633613,     5250.6752381,
    5251.79855863,     5252.52203787,     5252.89057515,     5253.94407049,
    5254.91263087,     5255.6131643,     5257.08118006,     5257.92494101,
    5259.10832096,     5259.77190452,     5260.95919025,     5261.18047605,
    5262.84883569,     5263.3969651,     5264.41137802,     5265.08837454,
    5265.60593633,     5267.88536415,     5268.19827078,     5269.20139302,
    5270.2594545,     5270.88622753,     5271.69696912,     5272.51796036,
    5273.57873797,     5274.69150902,     5275.64387888,     5276.68350303,
    5277.4757595,     5278.37939038,     5279.77566772,     5280.31544598,
    5281.23995069,     5281.63338007,     5283.16386856,     5283.47871919,
    5284.92692663,     5286.43716156,     5287.13748221,     5287.71138023,
    5288.5155496,     5289.35324522,     5290.67497435,     5291.39959051,
    5292.27501639,     5293.02435551,     5294.46476071,     5295.12635548,
    5296.58105672,     5297.12539492,     5297.98118344,     5299.27467924,
    5299.62730032,     5300.14473687,     5301.45813181,     5302.98145422,
    5303.88525555,     5304.50845785,     5305.52633301,     5306.49876977,
    5307.30038864,     5308.0727905,     5309.36175348,     5310.03276473,
    5310.60680111,     5311.85904989,     5312.98020916,     5314.43942679,
    5314.95479405,     5315.72629686,     5316.63925391,     5317.13973491,
    5318.44524096,     5319.3647343,     5320.10975301,     5321.536695,
    5322.63328058,     5323.13723111,     5323.79632788,     5325.46641114,
    5326.03851279,     5326.86776379,     5327.48022228,     5328.46384467,
    5329.37715859,     5331.01505185,     5331.85503378,     5332.58244934,
    5333.74634945,     5334.06121796,     5335.19538835,     5335.94792623,
    5337.05967276,     5338.21427477,     5338.93312546,     5339.67456499,
    5341.26495786,     5341.90771456,     5342.98668983,     5343.62335943,
    5344.50753261,     5345.52829734,     5346.06996562,     5346.89093742,
    5348.76966928,     5349.48905784,     5350.39590477,     5351.22541993,
    5351.77163738,     5352.90017821,     5354.18520283,     5354.77347971,
    5355.34706368,     5356.53886583,     5357.71161989,     5358.66910644,
    5359.63391793,     5360.87712653,     5361.63099729,     5361.91663702,
    5362.99040533,     5363.71728048,     5365.29626742,     5365.74225768,
    5367.38012385,     5367.90554311,     5368.8136416,     5369.80759645,
    5370.71353981,     5371.53832975,     5372.68086726,     5373.21997295,
    5374.11483521,     5374.86973825,     5376.72266366,     5377.71973087,
    5378.20703813,     5378.76871372,     5380.10373188,     5380.87705651,
    5381.3481507,     5382.80999337,     5383.52860099,     5384.81976452,
    5385.68978113,     5386.31104925,     5387.70553413,     5388.44913749,
    5389.60814649,     5389.90951356,     5390.99226008,     5391.50596563,
    5392.98195968,     5394.08371725,     5395.11666343,     5396.11585947,
    5397.00342973,     5397.26196016,     5398.277622,     5399.71250464,
    5400.41888787,     5401.19449619,     5401.94714307,     5403.38959012,
    5404.28768774,     5405.35445332,     5406.18413274,     5407.075538,
    5407.73501438,     5408.58871577,     5409.57773948,     5410.10187202,
    5412.11966074,     5412.75693186,     5413.44894234,     5414.39188466,
    5415.22506296,     5416.51181431,     5417.19077729,     5417.73077597,
    5419.14576937,     5419.64791402,     5420.59511862,     5422.10720154,
    5423.36428503,     5423.58284,     5424.9901375,     5425.20557933,
    5426.07747362,     5427.32778727,     5428.20079351,     5429.30706948,
    5430.09323239,     5431.51855046,     5432.08130056,     5432.86706187,
    5433.93931466,     5435.22451067,     5435.61421416,     5436.65840067,
    5436.82064493,     5438.4860779,     5439.87494738,     5440.64516013,
    5441.56505036,     5442.19719654,     5443.28353971,     5443.79513732,
    5444.96695957,     5445.9250271,     5446.76524787,     5447.8619983,
    5448.90841329,     5449.42763017,     5451.30940766,     5451.66677561,
    5452.3309502,     5453.2764259,     5454.23276609,     5454.94855551,
    5455.86796398,     5457.25433583,     5458.71564509,     5459.06218261,
    5459.71451394,     5460.81554416,     5461.68296883,     5462.74500055,
    5463.76455454,     5464.24387523,     5465.08324151,     5466.41830625,
    5467.79044499,     5468.24453555,     5469.48088839,     5470.22006867,
    5471.08287314,     5471.76086692,     5472.26403769,     5473.92520419,
    5474.8714529,     5475.74943682,     5476.7488938,     5477.67194062,
    5478.46343646,     5479.39681476,     5480.6548058,     5480.9567332,
    5481.99373408,     5483.06685169,     5483.47314897,     5485.37953033,
    5486.25095808,     5487.15864233,     5487.8144482,     5488.23946979,
    5489.53988631,     5490.6064772,     5491.19848846,     5492.1370506,
    5493.79246913,     5494.03848058,     5495.28087546,     5496.08972728,
    5497.3734904,     5498.17412395,     5498.63356531,     5499.61279751,
    5500.35398365,     5501.33122422,     5503.21169448,     5503.52253624,
    5504.57949104,     5505.57193583,     5506.33001149,     5506.9081799,
    5508.0170095,     5509.29123068,     5509.9459303,     5510.54426481,
    5511.75777388,     5513.10995806,     5514.0018487,     5514.8444621,
    5515.50148296,     5516.62965667,     5517.16163341,     5517.94829956,
    5519.09583761,     5520.21539794,     5521.61420475,     5522.24963099,
    5522.97004647,     5523.60135098,     5525.23978235,     5525.71712233,
    5526.66276522,     5527.35533247,     5528.1664125,     5529.66093402,
    5530.20315925,     5531.9296126,     5532.46111736,     5533.27582528,
    5533.95335848,     5534.81078901,     5535.65686832,     5536.89952506,
    5537.79090837,     5538.74072732,     5539.81458508,     5540.69458314,
    5541.57635154,     5542.76464606,     5543.11325667,     5544.51520861,
    5545.19299916,     5545.66789522,     5546.53530458,     5548.52391966,
    5549.35883981,     5549.83482314,     5550.80789978,     5551.92991175,
    5552.20794712,     5553.65978979,     5554.23859994,     5555.4024308,
    5556.19924574,     5557.36392246,     5558.2020045,     5559.2481786,
    5560.36721178,     5561.31013521,     5561.7915488,     5562.26188445,
    5563.6378709,     5564.43016255,     5565.56621733,     5566.91217726,
    5567.64431865,     5568.79858012,     5568.91293377,     5570.00635617,
    5571.43786778,     5572.17558121,     5572.58602423,     5573.89952941,
    5574.44128388,     5576.06476243,     5577.18367928,     5577.67227683,
    5578.64464437,     5579.49591649,     5580.33327038,     5581.02557378,
    5581.82227719,     5583.38919142,     5584.32374089,     5585.24457096,
    5585.70871701,     5587.16008127,     5587.88652528,     5588.75106119,
    5589.69172717,     5590.38517314,     5591.40096362,     5591.92524079,
    5593.55561703,     5594.57459428,     5595.71137471,     5596.22773668,
    5596.85661683,     5597.84176896,     5598.60600681,     5600.16215031,
    5600.54974705,     5601.30075097,     5603.08136265,     5603.56484005,
    5604.34725435,     5605.64465419,     5606.54257955,     5607.27317872,
    5608.0054035,     5608.69558216,     5609.56389592,     5611.14674375,
    5612.15711464,     5613.12140028,     5613.727897,     5614.49228792,
    5615.74102644,     5616.2545248,     5617.32027144,     5618.28908957,
    5619.26808202,     5619.90239452,     5621.02339166,     5622.48860414,
    5623.41362584,     5623.77712011,     5624.75557914,     5625.59218474,
    5626.50224271,     5627.21318721,     5628.34846244,     5629.8906488,
    5630.38050223,     5631.52028804,     5632.19746516,     5632.84710001,
    5634.37001621,     5635.01625081,     5635.92947027,     5636.23669448,
    5637.49023706,     5638.78871446,     5640.13425259,     5640.38571097,
    5641.87225077,     5642.4633991,     5643.09331944,     5643.66312749,
    5645.32811741,     5645.7690161,     5647.16157657,     5647.85720698,
    5648.97446299,     5649.80075693,     5650.83907523,     5651.88341846,
    5652.34547958,     5653.40735621,     5654.19215137,     5655.00037276,
    5655.81925262,     5657.86673872,     5658.41124746,     5658.92121589,
    5659.89441287,     5660.6304228,     5661.92969676,     5662.45745115,
    5663.55724825,     5664.33670826,     5665.4604598,     5666.47261578,
    5667.31617046,     5668.52531561,     5669.4727679,     5669.97856381,
    5671.14965907,     5671.47995915,     5672.29095489,     5673.9371584,
    5674.81499513,     5675.70752874,     5676.97253652,     5677.38502608,
    5678.34790888,     5679.11390398,     5680.33904505,     5681.24156514,
    5682.09916992,     5682.28815015,     5683.97050904,     5685.12379348,
    5686.09354123,     5687.02451973,     5687.48185655,     5688.36384447,
    5689.50863179,     5689.95269506,     5691.14094577,     5692.20521796,
    5693.5896087,     5694.31196653,     5694.60921747,     5696.03191737,
    5697.17204967,     5697.90207963,     5698.37474783,     5699.3729932,
    5700.48101435,     5700.9838724,     5702.73281145,     5703.61622781,
    5704.50584061,     5705.17792711,     5706.07741433,     5706.59607575,
    5707.76865225,     5709.03942444,     5709.52036913,     5710.60174093,
    5711.55922497,     5712.81587123,     5713.7938441,     5714.0997547,
    5715.63364436,     5716.33356049,     5716.75027915,     5717.7714966,
    5718.47233958,     5720.36339,     5721.05053473,     5721.96432349,
    5722.59135795,     5723.77904599,     5724.16335794,     5725.67114092,
    5726.23338688,     5726.98874354,     5728.12070025,     5729.15237685,
    5729.88319319,     5731.34786212,     5732.34118915,     5732.88209318,
    5733.59996791,     5734.28909269,     5735.44899242,     5736.32541695,
    5737.25526108,     5738.60981984,     5739.56963443,     5740.3118948,
    5740.86537218,     5742.14669851,     5743.00606292,     5743.89199356,
    5744.85753043,     5745.31639504,     5746.10503729,     5747.94435127,
    5748.73762133,     5749.8400456,     5750.07241894,     5751.51067866,
    5752.02258045,     5752.72535341,     5753.68843823,     5755.2670015,
    5755.6667685,     5756.76476847,     5757.94200798,     5758.47534073,
    5759.89668347,     5760.64610795,     5761.13164505,     5762.45190674,
    5762.73390746,     5763.83228095,     5764.96355672,     5766.30538909,
    5767.38291892,     5767.98509581,     5768.70811131,     5769.21737949,
    5770.68188699,     5771.71774297,     5772.11031091,     5773.08598622,
    5774.26914374,     5775.40490167,     5776.05250987,     5777.40007639,
    5778.09112176,     5779.0052011,     5779.66155549,     5780.3785972,
    5781.25392195,     5782.40046679,     5784.04843252,     5784.46846732,
    5785.21289453,     5786.4935754,     5787.1348788,     5787.96944094,
    5788.98579983,     5789.95435132,     5790.69226703,     5791.54697622,
    5792.28959364,     5794.30190779,     5794.6687816,     5795.56393974,
    5796.41904067,     5797.21783924,     5797.88428219,     5798.93966425,
    5800.04103027,     5800.71927732,     5802.37171841,     5802.78113607,
    5803.87120626,     5804.40940903,     5805.82018875,     5806.79866101,
    5807.37394962,     5807.78638339,     5808.95004955,     5810.03320319,
    5811.35682118,     5812.20478829,     5813.34505157,     5813.94641493,
    5814.49932732,     5815.62471425,     5816.2956702,     5817.68714196,
    5818.29215876,     5819.26387366,     5820.32307248,     5821.19958032,
    5822.55493236,     5823.16012059,     5824.0344462,     5824.64407075,
    5826.02241769,     5826.43716647,     5826.89431362,     5828.89032296,
    5829.88439734,     5830.59103435,     5831.34861983,     5832.010438,
    5833.32074899,     5834.00077133,     5834.93524202,     5835.95259753,
    5836.40977579,     5837.69481694,     5838.88781177,     5839.65714889,
    5840.87074578,     5841.7732447,     5842.25734726,     5843.00401616,
    5843.74550406,     5845.04354078,     5846.12234648,     5846.85896715,
    5848.18298742,     5848.99695834,     5849.66151738,     5850.48926814,
    5851.71105976,     5852.66814559,     5853.09555459,     5854.19153997,
    5854.71549177,     5856.09422889,     5857.84380934,     5858.08335831,
    5858.83395306,     5859.86139725,     5860.649383,     5861.43486899,
    5862.5574283,     5863.09403851,     5864.65676361,     5865.52279251,
    5866.04023532,     5867.20154698,     5868.54366097,     5868.98691703,
    5870.00899186,     5870.71888465,     5871.4197245,     5872.40279486,
    5873.38759371,     5874.88158821,     5875.79835815,     5876.37496362,
    5877.60974861,     5877.93329392,     5878.67621448,     5880.46328473,
    5880.70956093,     5881.82502412,     5882.27051617,     5884.03282624,
    5884.68425005,     5885.74473054,     5886.62119117,     5887.48630039,
    5888.38757653,     5888.84547052,     5889.69829183,     5890.84268936,
    5892.22584829,     5893.12109167,     5894.08561322,     5894.54441086,
    5895.55713365,     5896.81462587,     5897.5285084,     5898.04561559,
    5899.3352944,     5900.02613077,     5900.8328838,     5902.16066021,
    5903.45910434,     5904.35922485,     5904.78664965,     5905.3779043,
    5906.65429483,     5907.30560448,     5908.30413038,     5909.432316,
    5910.29742864,     5911.48917658,     5912.33241222,     5912.93529661,
    5914.11566654,     5915.01957675,     5916.08833258,     5916.44116913,
    5917.38089097,     5917.97541796,     5920.05555087,     5920.53847651,
    5921.43841856,     5922.55208009,     5923.10648053,     5924.02391821,
    5924.612568,     5925.98265211,     5926.8678069,     5927.47935643,
    5928.89916198,     5929.3453829,     5930.86036289,     5931.57013486,
    5932.73606555,     5933.03353656,     5933.98789804,     5934.82998131,
    5935.94834733,     5936.46514733,     5938.28767999,     5939.26530327,
    5939.69583871,     5940.37909985,     5941.4418948,     5942.46773615,
    5943.54397917,     5944.13024662,     5944.72541337,     5946.14333199,
    5946.82006265,     5948.30161387,     5949.14242631,     5949.77770635,
    5950.98908439,     5951.43012167,     5952.26190258,     5952.90261877,
    5954.46599576,     5955.34213848,     5956.36591406,     5957.02769295,
    5958.3326401,     5958.8664575,     5959.8765166,     5960.74069308,
    5961.78866255,     5962.57424589,     5962.94355951,     5964.14653346,
    5965.73650917,     5966.61951514,     5967.43313323,     5968.17891874,
    5968.73587878,     5969.77968021,     5970.84421677,     5971.60497154,
    5972.48536841,     5973.62090225,     5974.88621118,     5975.35616323,
    5976.14190189,     5978.02659042,     5978.13930973,     5978.83267035,
    5979.86228858,     5980.59261333,     5981.5062608,     5982.91497676,
    5984.01261564,     5984.79281751,     5985.66903467,     5986.41914521,
    5987.05591952,     5988.31384146,     5988.97394825,     5990.29428487,
    5990.80975514,     5991.47298543,     5993.08465361,     5994.05723317,
    5995.02453249,     5995.40954065,     5996.60946554,     5997.39250569,
    5998.05291975,     5998.73479494,     6000.121021,     6001.49551909,
    6002.15458963,     6002.91483835,     6003.87851937,     6004.59182072,
    6005.85578494,     6006.67802861,     6007.32556591,     6007.97828746,
    6009.20454038,     6010.19082041,     6011.25302543,     6012.65112264,
    6013.04724565,     6014.04237317,     6014.66386938,     6015.1614673,
    6016.7368037,     6017.5305429,     6018.18047453,     6019.65028584,
    6020.48547717,     6021.07853368,     6022.49699154,     6022.86608675,
    6024.23592862,     6024.76582215,     6025.65298906,     6026.32842937,
    6027.14998936,     6029.08387934,     6029.87133649,     6030.36656555,
    6031.19055249,     6032.27411481,     6033.14673133,     6033.64497721,
    6034.94213263,     6035.78235761,     6036.73510446,     6037.62181497,
    6038.62081901,     6039.78018846,     6040.74792947,     6041.39824099,
    6042.39765224,     6042.66864406,     6043.99501027,     6044.55257212,
    6046.18152195,     6046.7969324,     6048.26360736,     6048.95264586,
    6049.24114299,     6050.24612812,     6051.62697103,     6052.43973929,
    6053.06741392,     6053.77884604,     6054.80416456,     6056.26088623,
    6057.07284212,     6058.00087627,     6059.13449379,     6059.46682873,
    6060.34162759,     6061.49361982,     6061.79391175,     6063.25368721,
    6064.59339993,     6065.10444659,     6066.14257393,     6066.82993438,
    6068.16535279,     6068.88437785,     6069.56970988,     6070.45673095,
    6071.60712438,     6071.98703174,     6072.98693028,     6074.83575188,
    6075.45620988,     6076.31958041,     6076.89659543,     6077.9235256,
    6078.464257,     6079.72537251,     6080.81759464,     6081.17717065,
    6082.50108371,     6083.64401676,     6084.38300737,     6085.23090516,
    6086.32555691,     6087.27839236,     6088.14476807,     6088.5375414,
    6089.12861602,     6090.71715311,     6091.68988177,     6093.19233533,
    6093.28342682,     6094.55026133,     6095.33119338,     6095.91172832,
    6097.09672849,     6098.07149801,     6098.78688808,     6099.66706525,
    6100.71393963,     6101.54263601,     6103.11106206,     6103.89083601,
    6104.36998655,     6105.08011232,     6106.42793795,     6106.69887079,
    6107.88839828,     6108.68378072,     6110.53101148,     6110.83099615,
    6111.84453285,     6112.46443538,     6113.55261747,     6114.76189175,
    6115.27479154,     6116.16749593,     6117.09075329,     6117.55235943,
    6119.21599784,     6120.2815347,     6120.93330169,     6122.09439876,
    6122.85742492,     6123.35660797,     6124.13888322,     6125.17261988,
    6126.56858652,     6127.13022139,     6128.04686313,     6129.26875155,
    6130.29160646,     6130.68676865,     6132.1216874,     6132.76235349,
    6133.4898927,     6134.45505167,     6135.14307492,     6135.8926132,
    6137.78138932,     6138.44560139,     6139.58934696,     6139.81323983,
    6140.67586338,     6141.87235876,     6142.91145164,     6143.3566661,
    6144.40586721,     6145.50536404,     6146.6043296,     6147.07002345,
    6148.59311395,     6149.39892523,     6150.2753741,     6150.87988787,
    6151.57250208,     6152.58559903,     6153.32636565,     6154.80563842,
    6155.7048099,     6156.73746449,     6157.38112865,     6158.39768617,
    6159.09694719,     6159.829469,     6161.42936895,     6161.8272537,
    6162.41556241,     6163.37847744,     6164.77322052,     6166.20051343,
    6166.48304899,     6167.46453136,     6168.37980968,     6169.39473647,
    6169.53815265,     6170.82000811,     6171.92047477,     6172.83993046,
    6174.23506996,     6174.74754241,     6175.30901371,     6176.7441622,
    6177.63040445,     6178.41028563,     6179.09448692,     6179.76468161,
    6181.01282576,     6181.67842075,     6183.06248033,     6184.33631658,
    6185.07997486,     6185.4601037,     6186.45728397,     6187.12675072,
    6188.45868336,     6189.11802968,     6190.16979589,     6190.92666597,
    6192.09728603,     6193.13343114,     6193.90282419,     6194.96527409,
    6195.67207899,     6196.66475213,     6197.38706326,     6198.06538956,
    6198.65221656,     6200.67403446,     6201.59308851,     6201.83256964,
    6203.19091074,     6203.86787624,     6204.58565619,     6205.73134233,
    6206.51302569,     6207.35367737,     6208.56208613,     6208.81397241,
    6210.47003016,     6211.20781655,     6212.54968606,     6213.1879769,
    6213.79999996,     6214.50130473,     6215.40095702,     6216.66829216,
    6217.18885891,     6218.51711986,     6219.8442202,     6220.27686617,
    6221.35012756,     6221.64130096,     6223.44770893,     6223.85478696,
    6224.73244731,     6225.47067808,     6226.23288357,     6227.45004533,
    6228.83284093,     6229.76158442,     6230.3237498,     6231.18698421,
    6232.23423696,     6232.8114907,     6233.43615064,     6234.90535603,
    6235.69181153,     6236.87179721,     6237.40118805,     6238.50779015,
    6239.72029875,     6240.51843249,     6240.98747834,     6242.26374265,
    6242.91612811,     6243.53657121,     6244.46750101,     6245.84635379,
    6247.22080389,     6247.76590041,     6248.61759006,     6249.2235672,
    6250.12599803,     6251.16083004,     6252.33772168,     6252.96064162,
    6253.37269943,     6255.21238259,     6255.70999571,     6256.7379881,
    6257.82191377,     6258.8631422,     6259.5111305,     6259.96913448,
    6260.9418656,     6261.77684642,     6263.06590493,     6264.19927745,
    6265.06089828,     6265.97212531,     6266.64573592,     6267.56048658,
    6268.62526675,     6269.26735557,     6270.34914887,     6271.14877176,
    6271.9643634,     6272.58618298,     6274.61933406,     6275.13398198,
    6275.84669389,     6276.91616471,     6277.22919488,     6278.60759571,
    6279.1224621,     6279.99314867,     6281.40604797,     6282.27581291,
    6283.2204079,     6284.05428028,     6284.78841112,     6285.89907066,
    6287.17374302,     6287.42595294,     6288.21124541,     6289.11483189,
    6290.0370066,     6291.54965202,     6292.32991487,     6293.29733572,
    6294.34932965,     6295.00618131,     6295.22156886,     6296.54659193,
    6297.77125586,     6298.45869016,     6299.17274557,     6300.37488738,
    6301.38322088,     6302.23025974,     6303.49077161,     6303.94917939,
    6304.90039185,     6305.74785839,     6306.55729135,     6307.14472088,
    6308.25382452,     6309.93981003,     6310.83775605,     6311.20106575,
    6311.8793972,     6313.32102147,     6313.82591195,     6315.03100872,
    6315.48397986,     6316.76960087,     6317.2557601,     6318.60314313,
    6319.38247861,     6320.91888034,     6321.4154998,     6322.11818669,
    6323.18259444,     6323.68906122,     6324.34850349,     6325.99115733,
    6326.55069861,     6327.7093296,     6328.7689715,     6329.6650955,
    6330.24040636,     6331.10842476,     6332.34615111,     6333.19634615,
    6333.91605093,     6334.41068488,     6335.35689977,     6337.04424881,
    6337.8220382,     6339.04195747,     6339.24880895,     6340.44143966,
    6341.0292391,     6341.95415917,     6343.02591891,     6343.63957768,
    6345.12457235,     6345.8127816,     6346.70858829,     6347.51277484,
    6348.86477498,     6349.69465032,     6350.34936602,     6350.79790404,
    6352.12409565,     6352.82404192,     6353.48723619,     6355.40810788,
    6355.9301309,     6356.98410693,     6357.60685766,     6358.31570185,
    6359.16962381,     6360.50344852,     6361.10811437,     6362.08249906,
    6362.68536183,     6363.90083955,     6365.28358374,     6365.85232102,
    6366.67135335,     6367.95881353,     6368.43809422,     6369.245883,
    6369.77022902,     6370.89805045,     6372.41568239,     6373.17315245,
    6374.05353436,     6375.03240491,     6375.59919564,     6376.76454917,
    6377.51143994,     6378.55014573,     6379.24662419,     6379.9594098,
    6381.14366523,     6381.84803906,     6383.41023891,     6384.45921902,
    6384.92048851,     6385.57820351,     6386.35707712,     6387.52829411,
    6388.19785052,     6389.36085337,     6390.00615221,     6391.68664548,
    6392.18732868,     6392.71857516,     6394.06507389,     6395.0317407,
    6395.66886961,     6396.7292598,     6397.36113069,     6397.78608117,
    6399.17664035,     6400.74623866,     6401.32362593,     6402.17529062,
    6403.11088659,     6403.86139752,     6404.76703973,     6405.17896195,
    6406.74828386,     6407.61295282,     6408.07716092,     6409.27902119,
    6410.35380134,     6411.38446933,     6412.24755844,     6413.04042006,
    6413.83345138,     6414.57029007,     6415.46207614,     6416.17590896,
    6417.37805286,     6418.79259964,     6419.69202286,     6420.18257863,
    6421.25593583,     6421.49122864,     6423.41448618,     6423.76450895,
    6424.4014616,     6425.39974734,     6426.48001418,     6427.40152836,
    6428.58758374,     6429.46884869,     6430.69457198,     6430.91818613,
    6431.98168324,     6432.43330308,     6433.62238749,     6434.51494402,
    6435.77465268,     6436.90518594,     6437.1234066,     6438.740481,
    6439.14061863,     6440.12522642,     6441.14057384,     6441.89409941,
    6442.89753367,     6443.56526618,     6443.97837209,     6445.97151528,
    6447.02217412,     6447.47461817,     6448.24613287,     6449.33205472,
    6449.89620879,     6450.77044903,     6451.96507277,     6452.61680939,
    6453.68178567,     6454.86130738,     6455.69082062,     6456.24375847,
    6457.65386788,     6458.65861107,     6459.06782743,     6459.95283132,
    6460.53463948,     6461.61478419,     6462.85281411,     6463.72409715,
    6465.14372081,     6465.74387397,     6466.2957337,     6467.19344782,
    6468.09279096,     6469.13112519,     6470.19735733,     6470.70107782,
    6471.56045748,     6472.78020159,     6473.7986487,     6475.02149349,
    6475.72775461,     6476.11312392,     6477.48170576,     6478.02717662,
    6478.83134293,     6479.43113922,     6481.27367916,     6482.00279037,
    6483.00670461,     6483.45018979,     6484.51932328,     6485.71320933,
    6486.16337426,     6487.44521526,     6487.83021681,     6488.92662078,
    6489.62257593,     6490.90609787,     6492.19021043,     6492.81348652,
    6494.00471069,     6494.62212532,     6494.8664541,     6496.00797472,
    6497.27930828,     6498.03876946,     6498.83486326,     6500.03168948,
    6501.20745399,     6501.66518435,     6502.56697222,     6503.70154349,
    6504.7325098,     6505.40872999,     6505.66790063,     6507.13702008,
    6507.47775263,     6509.6182528,     6510.05820814,     6510.89205406,
    6511.72622319,     6512.5669384,     6513.36094515,     6514.38262427,
    6515.05264786,     6516.17129029,     6517.24033084,     6517.86138785,
    6518.80819745,     6520.32049265,     6520.90996494,     6521.78887239,
    6522.37159708,     6523.37731913,     6524.08912305,     6524.89876404,
    6526.08256269,     6527.43176636,     6528.18790447,     6529.10360983,
    6529.76102394,     6530.42767176,     6531.5987075,     6532.69356714,
    6533.49142941,     6533.87138707,     6534.76293701,     6536.4700537,
    6537.05465021,     6538.1426004,     6539.16998455,     6539.72496098,
    6540.63890676,     6541.35465916,     6541.86239458,     6543.51765705,
    6544.11750887,     6545.40676131,     6546.20385314,     6546.92618719,
    6547.84936076,     6549.1298631,     6549.69178935,     6550.2834492,
    6551.60675061,     6552.13791365,     6552.82268679,     6554.18869683,
    6555.77686667,     6556.29016416,     6556.9327876,     6557.55086618,
    6558.7102657,     6559.45947309,     6560.48523625,     6561.24637594,
    6562.26095826,     6563.369422,     6564.1660042,     6565.22589673,
    6565.91646368,     6567.2221237,     6567.81094296,     6568.58511067,
    6569.31935421,     6569.86628906,     6571.34939708,     6572.76854054,
    6573.16626374,     6574.23008465,     6575.27936427,     6575.92104174,
    6576.29000773,     6577.84244473,     6578.66834054,     6579.28172677,
    6580.25313248,     6581.10672679,     6582.36623502,     6583.64798989,
    6584.02506524,     6585.15214926,     6585.76606575,     6586.36511761,
    6587.67993502,     6588.13353452,     6589.21021019,     6590.86320528,
    6591.49104859,     6592.14401123,     6592.84595001,     6594.03506243,
    6595.18214138,     6595.67277958,     6596.50020452,     6597.26517032,
    6598.34069548,     6599.17604677,     6600.75378045,     6601.34745798,
    6602.39052799,     6602.97775348,     6603.89713884,     6604.42716714,
    6605.39955434,     6606.69458079,     6607.76547419,     6607.96778179,
    6609.74191797,     6610.09441568,     6611.3867974,     6612.00797527,
    6612.9079775,     6614.10382939,     6614.52535435,     6615.24560467,
    6616.00132109,     6617.82312034,     6618.58259875,     6619.59820388,
    6620.24365308,     6620.80184622,     6621.89759344,     6622.89615026,
    6623.57496835,     6624.66371946,     6625.25012579,     6626.6362873,
    6627.46024176,     6628.06183665,     6629.8912811,     6630.11041843,
    6631.03826822,     6631.54769818,     6632.54865671,     6633.48400202,
    6634.35259813,     6635.69677549,     6636.65428734,     6637.62536368,
    6638.09047385,     6639.07575337,     6639.85956244,     6641.05512083,
    6641.78622864,     6642.64428363,     6643.29254754,     6644.11990287,
    6645.91840237,     6646.61179554,     6647.32242386,     6648.0779196,
    6649.38408993,     6649.64735198,     6650.38313498,     6651.54513943,
    6652.58366101,     6653.94124068,     6654.36626849,     6655.33457345,
    6656.44611468,     6657.05375549,     6658.33570723,     6659.05507783,
    6659.52184232,     6660.5035556,     6661.46164893,     6662.34672063,
    6663.71902268,     6664.87291695,     6665.43291695,     6666.23609793,
    6666.80835308,     6667.6163509,     6669.09736227,     6669.81000952,
    6670.17570231,     6671.71377881,     6672.5264654,     6673.53941818,
    6674.25435955,     6675.60812724,     6676.02107951,     6677.03406207,
    6677.77360231,     6678.43819787,     6679.14730042,     6680.89009804,
    6681.88512724,     6682.56564031,     6683.18461781,     6684.32308714,
    6685.08463737,     6685.93624432,     6686.65634975,     6688.04074192,
    6688.50350214,     6689.25993546,     6690.50870753,     6691.70492001,
    6692.64754125,     6693.49965187,     6693.98151604,     6694.82370288,
    6695.93898184,     6696.27231065,     6697.77900469,     6698.50767962,
    6699.76163922,     6700.87136818,     6701.37579824,     6701.78467833,
    6703.33680668,     6704.27058949,     6704.87368602,     6705.64010617,
    6706.214076,     6707.53516863,     6708.72104869,     6709.7269917,
    6710.54517639,     6711.50302466,     6712.08990387,     6712.73175993,
    6713.82534539,     6714.55246389,     6715.86557639,     6716.55836597,
    6717.80967501,     6718.18651971,     6719.55968721,     6720.62619617,
    6721.04342932,     6722.04766825,     6722.91417025,     6723.64978495,
    6724.57328442,     6725.06280124,     6727.20348421,     6727.86135303,
    6728.1910873,     6729.4860191,     6729.89523729,     6730.93494666,
    6731.96124888,     6733.01319727,     6733.35265197,     6734.49141133,
    6735.74452377,     6736.40960536,     6737.6512279,     6738.29718109,
    6739.55241381,     6740.26172173,     6740.45769749,     6741.36652762,
    6742.67404833,     6743.67218325,     6744.72514651,     6745.67084983,
    6746.59308088,     6747.24243789,     6748.02917242,     6749.03101024,
    6750.21368534,     6750.60175954,     6751.78632571,     6752.17802036,
    6753.43690476,     6754.80087027,     6755.92906072,     6756.34905616,
    6756.98791227,     6757.96881819,     6759.04058696,     6759.50193213,
    6760.4624594,     6761.72018032,     6762.87149391,     6763.5508051,
    6764.31543097,     6765.177507,     6766.62641834,     6767.05538784,
    6767.82649744,     6768.76272947,     6769.58567684,     6770.0938794,
    6771.95514842,     6772.495693,     6773.74038305,     6774.5729468,
    6774.99384011,     6776.146685,     6776.359236,     6778.09485951,
    6778.68417208,     6779.58601807,     6780.21753711,     6781.89398762,
    6782.35359366,     6783.35303659,     6784.36934112,     6785.22645575,
    6785.78341536,     6786.8600122,     6787.19072331,     6788.35928792,
    6789.79564299,     6791.02891546,     6791.37640972,     6792.19669898,
    6793.06159344,     6794.09662384,     6795.00781567,     6795.89691925,
    6796.295555,     6797.77413588,     6798.36662561,     6799.27332235,
    6800.77205142,     6801.65698828,     6802.22413242,     6802.95713034,
    6803.90595948,     6804.3696224,     6805.73178558,     6806.40146774,
    6807.68958608,     6808.6903016,     6809.40308016,     6810.36633118,
    6811.15703639,     6811.85076484,     6813.24216031,     6813.93731061,
    6814.46246595,     6815.08109631,     6816.33533865,     6817.95747832,
    6818.59564811,     6819.20037887,     6820.38949564,     6821.0290543,
    6821.70064005,     6822.50371952,     6823.68720303,     6824.61908502,
    6825.43083343,     6826.69455873,     6827.21519584,     6828.19602412,
    6829.60039988,     6830.08302738,     6830.87021362,     6831.54502825,
    6832.55623824,     6833.38926042,     6834.17785865,     6835.80162812,
    6836.65433931,     6837.60800766,     6837.96192713,     6838.57365532,
    6840.16095916,     6840.62944402,     6841.65212881,     6842.56840674,
    6843.09771681,     6844.54206943,     6845.39559655,     6846.43760065,
    6847.23086912,     6848.21131478,     6848.7759082,     6849.87966826,
    6850.11371657,     6851.11591127,     6852.98863945,     6853.36648508,
    6854.3634671,     6855.29249182,     6856.26228326,     6856.76013167,
    6858.0494118,     6858.55842921,     6859.92246396,     6860.1878589,
    6861.10830566,     6862.25155233,     6863.66156066,     6864.46807871,
    6865.32019623,     6865.94753333,     6866.60595742,     6867.50729174,
    6868.58215364,     6869.56912775,     6870.02493455,     6871.78907386,
    6872.37244838,     6873.07272361,     6873.93469403,     6875.1533241,
    6876.14531586,     6876.69811741,     6877.23764658,     6878.25886312,
    6879.11242181,     6880.37794241,     6881.68803838,     6882.44519736,
    6882.83857721,     6884.18130147,     6884.70138428,     6885.26328275,
    6886.62366112,     6887.54996831,     6888.25099287,     6889.28968109,
    6889.97727551,     6891.53737284,     6892.18273826,     6892.9509765,
    6893.74994156,     6894.72579629,     6895.61538717,     6895.84031198,
    6897.08200323,     6898.50234301,     6899.56041468,     6900.31874299,
    6900.85810975,     6901.83431532,     6902.57867687,     6903.93799823,
    6904.53518636,     6905.14066144,     6906.09406289,     6907.14003263,
    6908.4422819,     6908.90308954,     6910.4722557,     6911.04892456,
    6911.81990683,     6912.19214458,     6913.30355555,     6914.18754337,
    6915.32911732,     6916.24506393,     6917.21646842,     6918.35758701,
    6918.81735666,     6919.75035106,     6920.96747341,     6921.48382794,
    6922.480974,     6923.35403405,     6924.14588404,     6924.46042782,
    6926.65483137,     6927.28679784,     6928.07166326,     6928.7194319,
    6929.62705191,     6930.52889005,     6931.34505865,     6932.02325081,
    6933.30457252,     6934.18453598,     6935.04537089,     6936.10813434,
    6936.73874903,     6938.14246007,     6938.676825,     6939.72817442,
    6940.3113446,     6940.80264958,     6942.04940032,     6942.94779855,
    6944.31216392,     6945.07150056,     6946.31146456,     6946.6613911,
    6947.47263196,     6948.14396861,     6949.58424673,     6950.55803184,
    6950.7787188,     6951.73175677,     6953.17071724,     6953.80763648,
    6955.26155855,     6955.78844153,     6956.54604364,     6957.7559937,
    6958.03289166,     6958.98084329,     6959.81656648,     6960.90147975,
    6962.60741206,     6962.870226,     6963.68028448,     6964.53368408,
    6965.79678675,     6966.4786354,     6967.14099808,     6968.31650109,
    6968.80182834,     6969.93223776,     6970.53536874,     6972.09593615,
    6973.2624146,     6973.65465649,     6974.59151067,     6975.29519795,
    6976.00825766,     6976.91905449,     6978.18161502,     6978.84239316,
    6979.76284342,     6981.00433218,     6981.97686668,     6982.39741558,
    6983.38528985,     6984.84387484,     6985.15172186,     6986.00367496,
    6986.85063368,     6987.25412632,     6989.03187047,     6990.11317165,
    6990.67871133,     6991.93952017,     6992.27549826,     6993.15908383,
    6994.10997842,     6995.03933973,     6995.81935188,     6996.88697587,
    6997.80869735,     6998.49879522,     6999.68267865,     7000.71768759,
    7001.85590089,     7002.35283585,     7002.69150868,     7004.0437235,
    7005.06286617,     7005.10056467,     7006.73966238,     7008.11474206,
    7008.81747363,     7009.36775071,     7010.35408047,     7011.00050188,
    7012.23614598,     7013.15843422,     7013.70642648,     7014.62988016,
    7015.28046692,     7016.7216103,     7017.83543582,     7018.48222381,
    7019.43779695,     7020.43587738,     7021.02306611,     7021.65755725,
    7022.29522444,     7024.04283203,     7024.4551657,     7025.69930405,
    7026.59472373,     7027.30830666,     7028.45447443,     7029.02673638,
    7030.16093781,     7030.91648068,     7031.73590809,     7032.32678939,
    7033.3748333,     7034.29201988,     7036.04298345,     7036.59032824,
    7037.28765097,     7037.82637879,     7038.89215912,     7039.72469085,
    7040.82831206,     7041.38046734,     7042.36719069,     7043.66023142,
    7044.64489555,     7044.83163532,     7046.48718518,     7047.22507205,
    7047.94843845,     7048.94940186,     7049.28027252,     7050.29721317,
    7051.1260756,     7052.731102,     7053.52983141,     7054.22932578,
    7055.36225433,     7055.98600494,     7056.61475813,     7057.64085933,
    7058.62978045,     7059.88959689,     7060.04657077,     7060.89730035,
    7062.39667183,     7063.51669879,     7064.11154339,     7065.14932853,
    7065.78382858,     7066.70065748,     7067.23227551,     7068.40766465,
    7068.91082358,     7070.63177554,     7071.25754904,     7072.43711505,
    7072.98318756,     7073.46666299,     7075.06713641,     7075.89087355,
    7076.34246415,     7077.06591247,     7078.27161887,     7078.9318908,
    7080.13730426,     7081.32904557,     7082.2786422,     7083.02420621,
    7083.62073418,     7084.2990678,     7085.2487288,     7086.30673144,
    7087.18623924,     7088.17277565,     7089.06248192,     7090.04233835,
    7090.99477391,     7091.86750387,     7092.67634225,     7093.50251176,
    7094.68869595,     7095.08572038,     7095.72560256,     7096.63410564,
    7098.5430923,     7099.10574771,     7100.14860952,     7100.37467413,
    7101.80506078,     7102.32635049,     7103.03858628,     7104.51038606,
    7104.85365343,     7105.84020462,     7107.08940712,     7107.73454339,
    7108.7760717,     7110.00186058,     7110.89029425,     7111.19622037,
    7112.28055295,     7112.70033223,     7113.8749066,     7115.00427608,
    7115.66672918,     7117.41222432,     7117.75092573,     7118.53333584,
    7119.28366536,     7120.25076905,     7121.42151688,     7122.20585177,
    7122.71659428,     7123.68137058,     7124.48905811,     7125.91583686,
    7127.0351119,     7127.56988324,     7128.56432658,     7129.11414784,
    7130.32998512,     7130.71071714,     7131.46081455,     7132.87480776,
    7134.00393766,     7134.72311415,     7135.38462283,     7136.64074918,
    7137.28823595,     7138.46768606,     7139.02690284,     7139.85713927,
    7140.7938421,     7141.54689219,     7142.17219516,     7143.97107707,
    7144.64267207,     7145.70689149,     7146.38588332,     7147.15221425,
    7147.42134226,     7149.1028313,     7149.69064937,     7150.67538637,
    7151.24104072,     7152.67313835,     7153.62941443,     7154.18356515,
    7155.22301656,     7156.4837671,     7157.0695737,     7157.56000913,
    7158.47972156,     7159.23061039,     7160.33244543,     7161.81517232,
    7162.63798702,     7163.1374872,     7164.37193592,     7164.71198714,
    7166.04252686,     7166.53244739,     7167.59561391,     7168.6439151,
    7169.19203586,     7170.16150161,     7171.13570596,     7172.80674427,
    7173.35508819,     7173.62277091,     7174.90795598,     7175.54747852,
    7176.38074598,     7177.13582009,     7178.28043827,     7179.36932656,
    7180.55767197,     7181.14079819,     7181.85566236,     7182.76164788,
    7183.85049512,     7184.72085971,     7185.72532257,     7186.02794131,
    7186.68966643,     7188.32259451,     7189.1456905,     7190.29461284,
    7191.06790094,     7191.98373331,     7192.68239873,     7193.22105015,
    7194.05374129,     7195.42179071,     7196.18776277,     7196.9578142,
    7198.14360636,     7198.99345321,     7199.74447863,     7201.05714978,
    7201.57779402,     7202.48141482,     7203.17204469,     7204.26548636,
    7204.76402245,     7205.52307697,     7207.44501711,     7208.19017085,
    7208.92772421,     7209.38355003,     7210.41378858,     7211.3353235,
    7212.36339677,     7212.9634077,     7213.83676677,     7215.10195754,
    7215.53272952,     7216.95309606,     7217.71086706,     7218.73128531,
    7219.71304516,     7220.43214755,     7220.78471197,     7221.85804823,
    7222.53886325,     7223.96132951,     7224.96027579,     7225.66463729,
    7226.82623242,     7227.6706521,     7228.10497344,     7228.96398459,
    7230.57897985,     7230.78189656,     7231.71216823,     7232.50733722,
    7233.3057256,     7235.03241036,     7235.5920476,     7236.71529314,
    7237.29270099,     7237.92381555,     7239.10713836,     7239.4928249,
    7240.74457458,     7241.38373752,     7242.81300343,     7243.9083678,
    7244.19473988,     7245.04835117,     7246.52197166,     7247.17274321,
    7247.98013516,     7248.55887733,     7249.57551582,     7250.31130688,
    7251.23557315,     7252.57913333,     7253.77696772,     7254.38158137,
    7255.04022843,     7255.89461649,     7256.72874251,     7257.3588093,
    7258.88414009,     7259.5195927,     7259.97084018,     7261.3337977,
    7262.44597405,     7263.12283201,     7264.27299405,     7264.74824809,
    7265.96285629,     7266.82507162,     7267.02257281,     7267.85116191,
    7269.28179653,     7270.66519602,     7271.16257823,     7272.29391609,
    7272.75681968,     7273.70123407,     7274.63938609,     7275.69294663,
    7276.18851098,     7277.31341751,     7277.91119492,     7279.22632352,
    7279.76852128,     7281.31609407,     7282.17616715,     7282.8176817,
    7283.49577576,     7284.0236979,     7285.27730237,     7286.1396942,
    7286.77923887,     7288.26717043,     7289.10375808,     7289.94027683,
    7290.82142993,     7291.29004358,     7292.74124945,     7293.40310965,
    7294.20414796,     7295.04889405,     7295.56484956,     7296.57161904,
    7298.36868432,     7299.1388486,     7299.33657143,     7300.76347687,
    7301.5813171,     7301.84855761,     7302.91787582,     7303.84390068,
    7305.06028712,     7305.81816158,     7306.63720558,     7307.66075263,
    7308.67166497,     7309.49790397,     7310.50135705,     7311.19095172,
    7311.88114597,     7312.72437239,     7313.55504608,     7314.44913144,
    7315.75562855,     7317.10025056,     7317.55373865,     7318.35100251,
    7318.87199894,     7319.8967571,     7321.23378157,     7321.71737343,
    7322.56875105,     7323.24398312,     7324.84933314,     7325.22611515,
    7326.444103,     7327.53449797,     7328.28351438,     7328.86117171,
    7329.81557823,     7330.58683953,     7330.97085844,     7332.65213048,
    7333.51703339,     7334.63910597,     7335.19396369,     7336.01682044,
    7337.31222397,     7337.64920146,     7338.62125144,     7339.76313652,
    7340.49596453,     7341.17241112,     7341.78144895,     7343.50752267,
    7344.42940719,     7345.41338443,     7345.73718819,     7346.69892709,
    7347.6014406,     7348.22647059,     7349.24977763,     7350.34761871,
    7350.97325649,     7352.63184758,     7352.88043023,     7353.91394783,
    7354.58462558,     7356.0768011,     7356.71390154,     7357.29806496,
    7357.82992702,     7359.02242406,     7359.81883344,     7361.26701343,
    7362.05813443,     7363.10259115,     7363.82209387,     7364.46976139,
    7365.12005991,     7366.17682646,     7367.44480527,     7367.71658363,
    7369.21123557,     7369.53261363,     7370.77829604,     7371.98796098,
    7372.805048,     7373.42403517,     7374.34939196,     7375.19924376,
    7375.87815164,     7376.87364947,     7377.19008932,     7379.33278501,
    7379.97960305,     7380.46401157,     7381.53693209,     7382.22271336,
    7383.17352372,     7384.20239621,     7384.92451307,     7385.75263365,
    7386.46155251,     7387.54242064,     7388.62953506,     7389.58450929,
    7390.66417774,     7391.44025973,     7392.16073337,     7392.98860553,
    7393.17326933,     7394.71161788,     7395.69396238,     7396.40327359,
    7397.53193367,     7398.75192076,     7399.22038682,     7399.82881954,
    7401.3541812,     7401.67066962,     7403.01809082,     7403.44892302,
    7404.10346867,     7405.07152789,     7406.4348759,     7407.78277252,
    7408.31844225,     7408.96102309,     7409.6979101,     7410.87501664,
    7411.4755788,     7412.21334465,     7413.32858288,     7414.41881479,
    7415.18065016,     7416.26950436,     7416.71339172,     7418.31050922,
    7418.98809835,     7419.53761702,     7420.41591328,     7421.42078181,
    7421.80696262,     7422.91068741,     7424.22073543,     7425.30620576,
    7426.04261577,     7427.01035832,     7427.61888217,     7428.12424662,
    7429.35088913,     7430.55536889,     7431.15663512,     7431.63430347,
    7432.74066997,     7434.0415752,     7435.05919159,     7435.59044159,
    7436.76651678,     7437.65818152,     7438.12599504,     7438.87221594,
    7439.73764872,     7440.70312105,     7441.96932339,     7443.17116086,
    7443.62839435,     7444.42386623,     7445.51897979,     7446.19211231,
    7447.4703796,     7447.91599995,     7448.57884601,     7450.02685198,
    7450.31341466,     7451.28737701,     7453.15633301,     7453.5622556,
    7454.5011509,     7455.11159998,     7455.75624818,     7456.87926417,
    7457.55501568,     7458.75889655,     7459.3179166,     7460.74231922,
    7461.41283678,     7462.34511923,     7463.24103435,     7463.95342849,
    7465.23533255,     7465.87364862,     7466.5095674,     7467.236892,
    7467.89351623,     7469.74231278,     7470.41069472,     7471.31615396,
    7472.21633783,     7472.93845247,     7473.80192322,     7474.31837556,
    7475.45714847,     7476.66168538,     7477.12611716,     7477.99022038,
    7479.36080388,     7479.82649015,     7481.27058513,     7482.08835305,
    7482.76097056,     7483.22268451,     7484.43540637,     7485.08726084,
    7485.8361101,     7486.98057471,     7488.3413984,     7489.41079326,
    7489.80164996,     7490.28846689,     7491.48023744,     7492.87117701,
    7493.00060595,     7494.15559367,     7494.89335472,     7495.62053555,
    7496.90323404,     7497.87666687,     7499.01837521,     7499.63501704,
    7500.5207587,     7501.39435654,     7501.88960117,     7502.6061285,
    7503.8158221,     7505.00762751,     7505.85576075,     7506.45877784,
    7507.88158271,     7508.32535773,     7509.36285797,     7510.06201425,
    7511.2681521,     7511.83155009,     7512.63910889,     7513.2564786,
    7514.3274582,     7516.01733876,     7516.68286538,     7517.31654688,
    7518.23392204,     7518.98825529,     7519.48380859,     7521.09547831,
    7521.41896016,     7522.23595594,     7523.58380996,     7524.57606314,
    7525.11775507,     7526.07788867,     7527.3392439,     7528.2559453,
    7528.61882483,     7529.57243968,     7530.02451814,     7531.44303776,
    7531.918476,     7533.70178886,     7534.19617676,     7535.26941675,
    7535.79587964,     7536.85214084,     7537.3125811,     7538.51384411,
    7539.50718119,     7540.2275399,     7540.9522124,     7541.71992723,
    7543.27408681,     7544.1430896,     7545.01728221,     7545.46964534,
    7546.61977844,     7547.34646438,     7548.16392891,     7548.46700926,
    7550.12047217,     7551.0938904,     7552.05097794,     7552.91572272,
    7553.4225996,     7554.41506443,     7555.636987,     7556.21563332,
    7557.12384847,     7557.73165002,     7558.61869314,     7559.64337632,
    7560.82982002,     7561.65895999,     7563.18281444,     7563.5204157,
    7563.76930189,     7564.96024368,     7565.7328534,     7566.84532243,
    7567.86653112,     7568.2890676,     7569.79716511,     7570.54713799,
    7571.28128938,     7572.27899398,     7573.25518431,     7574.04680205,
    7574.74988884,     7575.69666816,     7576.26860507,     7576.90577059,
    7578.91748666,     7579.59775732,     7580.28008898,     7580.95983082,
    7582.03170555,     7582.80298386,     7583.46273477,     7584.48695974,
    7585.46951763,     7586.23499458,     7587.28323949,     7587.8903506,
    7589.35625412,     7590.12087149,     7590.91822487,     7591.96619381,
    7592.26971261,     7593.09831396,     7594.10274254,     7595.07765817,
    7596.01621284,     7597.41498572,     7598.00788286,     7598.98270995,
    7599.56515472,     7600.13085873,     7601.75136601,     7602.40516347,
    7603.02236633,     7603.56067858,     7604.83119649,     7605.85793433,
    7606.99488298,     7608.02135412,     7608.42080787,     7609.67360781,
    7610.06621426,     7610.85449032,     7611.79453022,     7612.68224951,
    7613.94912548,     7614.91101908,     7615.58970673,     7616.36144179,
    7617.49068742,     7618.50622553,     7619.1092214,     7619.74944183,
    7620.98392486,     7621.69357497,     7622.01749271,     7623.42329855,
    7624.98738255,     7625.5944935,     7626.26529276,     7627.12721356,
    7627.69097995,     7628.74202644,     7629.64270248,     7630.56992798,
    7631.50675803,     7632.0090993,     7633.65186159,     7634.31230024,
    7634.771788,     7636.38715149,     7636.8229894,     7637.9403662,
    7638.23709997,     7639.03929491,     7639.93479088,     7641.50566757,
    7642.16683736,     7643.29517717,     7644.03570392,     7644.92781331,
    7645.33159933,     7646.56090569,     7647.39980411,     7648.19782158,
    7649.21036891,     7649.78792474,     7650.77813157,     7651.91800085,
    7653.35668096,     7653.70281499,     7654.58063888,     7655.12149457,
    7656.26196685,     7656.95640764,     7657.71793364,     7658.65228633,
    7660.26442252,     7660.87484247,     7661.57868788,     7662.33183344,
    7663.45619416,     7664.20300925,     7665.44405949,     7665.80180943,
    7666.50282282,     7667.54932916,     7668.3656658,     7669.93602995,
    7670.58104253,     7671.44712992,     7672.45069146,     7673.1035341,
    7673.74063253,     7674.24151106,     7676.06147391,     7676.40451706,
    7677.30636743,     7678.48960901,     7679.28381665,     7680.36972969,
    7681.0496118,     7681.94548226,     7683.01816736,     7683.59396488,
    7684.20566799,     7685.30555683,     7685.78299353,     7687.51329302,
    7688.59169289,     7689.15661986,     7689.85800108,     7690.42965078,
    7691.80217653,     7692.34274339,     7693.4794014,     7693.89700596,
    7695.11227242,     7696.13638504,     7696.77947683,     7697.89846911,
    7699.07102594,     7700.03604755,     7700.21672438,     7701.15795457,
    7702.19473138,     7702.58922988,     7703.83100312,     7705.21316679,
    7705.70321689,     7706.96219619,     7707.73676036,     7708.22097263,
    7709.24264064,     7710.12383988,     7711.22364893,     7711.9289338,
    7712.77930829,     7712.90864889,     7714.90497565,     7715.80680919,
    7716.49316185,     7717.43062554,     7718.2094399,     7718.87182801,
    7719.75348607,     7720.41217507,     7721.55399696,     7722.5572288,
    7723.61828222,     7724.44091667,     7725.24287063,     7725.88107456,
    7727.36506783,     7728.15453702,     7728.34532121,     7729.5084443,
    7730.15671068,     7731.32634349,     7731.90460402,     7733.55115238,
    7734.6372099,     7734.79905175,     7735.9201918,     7736.39898295,
    7737.28151667,     7738.68340051,     7739.07607913,     7740.11354744,
    7740.93212895,     7742.09382682,     7742.86176815,     7744.16874234,
    7744.53918577,     7745.56417767,     7746.61797215,     7747.26272914,
    7747.60384326,     7748.56089927,     7749.95034047,     7751.41794259,
    7751.73224072,     7752.41205906,     7753.81256412,     7754.16580807,
    7755.04274474,     7756.14054594,     7756.96166029,     7757.74864875,
    7758.44196761,     7759.59295477,     7760.4701366,     7761.85201642,
    7762.51666984,     7763.36553664,     7763.88794363,     7764.62954061,
    7765.58054932,     7766.64806855,     7767.34736143,     7768.41709386,
    7769.91332777,     7770.26124368,     7770.98388685,     7771.80193559,
    7773.15216424,     7774.01889998,     7774.29626953,     7775.44878529,
    7775.97760817,     7776.95537712,     7778.61961882,     7779.14773837,
    7780.29414376,     7780.79163125,     7781.70370374,     7782.44810867,
    7783.33318956,     7783.86982296,     7785.54321202,     7785.9721584,
    7786.91088516,     7787.84757724,     7788.94203773,     7789.84648723,
    7790.58474829,     7791.49812246,     7792.05700021,     7793.2084381,
    7793.73117935,     7794.33064792,     7796.16793991,     7796.8827508,
    7797.93999479,     7798.64287653,     7799.02735618,     7800.0488667,
    7801.08596569,     7802.27813674,     7802.56304384,     7803.34164044,
    7804.66253916,     7805.65124446,     7806.36552676,     7807.45394706,
    7808.52169454,     7809.14809567,     7809.94934855,     7810.24642278,
    7811.42529675,     7812.39288086,     7813.48075125,     7814.55609048,
    7815.58693935,     7815.85584117,     7817.15263727,     7817.79668574,
    7818.66011501,     7819.63564803,     7820.58639743,     7821.05388022,
    7822.0940935,     7822.71903435,     7824.64547128,     7825.27317726,
    7825.82778134,     7826.4711803,     7827.80645976,     7828.12519524,
    7828.99387829,     7830.12853897,     7830.87758194,     7832.27446269,
    7832.82449459,     7833.92075525,     7834.38306591,     7835.73325805,
    7836.46350164,     7837.39694749,     7838.06417806,     7838.48255084,
    7839.56836284,     7840.78234909,     7841.82806861,     7842.77377398,
    7843.7410481,     7844.45742944,     7845.08032776,     7845.57614719,
    7847.00008916,     7847.83596614,     7848.64701332,     7849.32297418,
    7850.38157587,     7851.74937519,     7852.055533,     7853.53688711,
    7854.09920929,     7854.7052435,     7855.73023286,     7856.58974147,
    7857.00748021,     7857.99824752,     7859.86387659,     7860.36084883,
    7861.07429313,     7861.96830752,     7862.57680849,     7863.88646984,
    7864.68842419,     7865.04754855,     7866.32729572,     7867.14233804,
    7867.70139125,     7869.054059,     7870.10053236,     7871.02626851,
    7871.8915937,     7872.42105136,     7873.25897473,     7873.85741173,
    7874.89428101,     7876.08125628,     7876.81137842,     7877.83395305,
    7878.91061122,     7879.77437132,     7880.247925,     7881.17259709,
    7882.44041105,     7883.21913209,     7883.73928868,     7884.38613636,
    7885.31005557,     7886.69784412,     7887.90263455,     7888.58250838,
    7889.24775985,     7890.19988517,     7890.82910925,     7891.73848515,
    7892.47158127,     7893.75377575,     7894.14622424,     7895.75270174,
    7896.2841468,     7896.81070621,     7898.44397553,     7899.18938769,
    7899.73778413,     7900.6997435,     7901.20372477,     7902.43194043,
    7902.84588235,     7904.00001135,     7905.49535979,     7906.30705765,
    7907.03327962,     7907.46202303,     7908.75408932,     7909.07108111,
    7910.49634564,     7911.29047475,     7911.97465402,     7912.52189476,
    7913.95890016,     7914.89822866,     7916.13908362,     7916.24962036,
    7917.84698422,     7918.20629977,     7919.00950341,     7919.70207725,
    7920.39491785,     7922.05303458,     7922.72331242,     7923.71014138,
    7924.58204722,     7925.3913388,     7926.04475027,     7927.22785975,
    7928.00776463,     7928.68423475,     7929.54022915,     7930.60494126,
    7930.94807683,     7932.47166617,     7933.64564322,     7934.49541531,
    7935.2146484,     7935.57071856,     7936.44223703,     7937.74518059,
    7938.31557408,     7939.08663939,     7940.35401288,     7941.26568375,
    7942.31760479,     7942.7450979,     7943.78551599,     7944.95951913,
    7945.74069379,     7946.22078819,     7947.28977117,     7947.72960027,
    7948.63421157,     7950.26547054,     7951.31403065,     7951.58485171,
    7952.79448927,     7953.59465697,     7954.30899726,     7954.74760859,
    7956.15226711,     7956.98957825,     7957.94794578,     7958.31745592,
    7959.68875044,     7960.66137931,     7961.64959688,     7962.56254706,
    7962.95650779,     7964.20360071,     7964.68408986,     7965.31567884,
    7966.56884982,     7967.26610754,     7968.90988652,     7969.62944035,
    7970.22054811,     7970.84792825,     7971.82133083,     7972.99533189,
    7973.80486906,     7974.45812976,     7975.01785387,     7976.20779215,
    7977.29119444,     7977.97532293,     7979.41983015,     7980.24415362,
    7980.59215664,     7981.67715896,     7982.32922908,     7982.85672648,
    7984.19478763,     7985.07846149,     7986.11627157,     7986.98992128,
    7987.77684167,     7988.82688444,     7989.52718253,     7990.46473005,
    7991.15461519,     7992.44960187,     7992.77544879,     7993.5355201,
    7994.26827683,     7996.32587355,     7996.70293804,     7997.56259696,
    7998.5036217,     7998.96051592,     8000.08676755,     8000.65428953,
    8001.82741415,     8002.5042268,     8003.54402073,     8004.48690035,
    8005.55874156,     8006.08945266,     8007.16631611,     8008.4866863,
    8009.02427831,     8009.38393641,     8010.21223632,     8011.46938086,
    8011.92939113,     8013.44202209,     8014.27677472,     8015.37188594,
    8016.20173149,     8016.49119987,     8017.36146547,     8018.63782661,
    8019.35663907,     8020.31968967,     8020.83745974,     8021.89548164,
    8022.71748971,     8024.40358247,     8024.67098246,     8025.7524529,
    8026.3918541,     8027.30587416,     8028.12402598,     8028.74640131,
    8029.40782233,     8031.05800979,     8031.95132217,     8032.79338379,
    8033.26919196,     8034.38624087,     8035.39324232,     8035.99951097,
    8037.03448989,     8037.80346879,     8038.42846693,     8039.31095189,
    8040.36377417,     8041.48509208,     8042.75260755,     8043.22821197,
    8044.22207932,     8044.70203644,     8045.41219848,     8046.34910076,
    8047.85858676,     8048.09253235,     8048.93901867,     8050.70785543,
    8050.92855372,     8051.82670097,     8052.85473573,     8053.85068369,
    8054.63207549,     8055.38753644,     8056.0435454,     8056.62856609,
    8057.84985409,     8059.16391047,     8060.41057396,     8060.65675084,
    8061.43287864,     8062.59153074,     8063.10500885,     8064.20551521,
    8064.75837152,     8065.96061156,     8066.85218145,     8067.49997919,
    8068.48099718,     8069.62047353,     8070.8957151,     8071.22381205,
    8072.00626116,     8072.89166096,     8073.6616382,     8074.4767818,
    8075.21247953,     8076.60464644,     8077.69313905,     8078.33129095,
    8079.34522279,     8080.0395117,     8080.37162367,     8082.09584837,
    8082.72735733,     8083.18812126,     8084.35389882,     8084.62781037,
    8086.38936718,     8087.20133297,     8087.98921592,     8089.00027733,
    8090.01170244,     8090.30207518,     8091.01304748,     8092.01318602,
    8093.0568216,     8093.96079685,     8095.22642975,     8095.64464978,
    8096.88120945,     8097.42280453,     8098.60145166,     8099.48371302,
    8100.0339549,     8100.89331732,     8101.84747988,     8102.65289192,
    8103.08124739,     8104.95958065,     8106.0010826,     8106.47247855,
    8106.98100727,     8107.99003063,     8108.85861499,     8109.69021897,
    8110.63768403,     8111.44747998,     8112.2647535,     8113.55264313,
    8114.16701984,     8115.10735848,     8116.25126696,     8116.86442463,
    8118.00473787,     8118.43737965,     8119.28713945,     8119.6488621,
    8121.22675167,     8122.36142345,     8123.01066998,     8124.18427868,
    8124.84358743,     8125.50162694,     8126.52952844,     8126.964551,
    8128.59220878,     8129.09763257,     8129.50199154,     8130.71773575,
    8131.71472449,     8132.85476768,     8133.95280466,     8134.45714099,
    8135.25315171,     8135.92598851,     8136.95857838,     8137.60994244,
    8138.43742927,     8139.56653805,     8140.95074059,     8141.59575001,
    8142.27600194,     8142.81049664,     8144.35856354,     8144.92629608,
    8145.92738441,     8146.25128381,     8147.37555866,     8148.1884058,
    8148.98665356,     8150.74061548,     8151.0266713,     8152.21772826,
    8152.96593113,     8153.48825366,     8154.27297943,     8155.12893399,
    8156.30491239,     8157.19476462,     8157.98156849,     8158.76763874,
    8160.07820081,     8160.95012259,     8161.34614563,     8162.59214059,
    8163.4542845,     8164.10695715,     8164.87025733,     8165.44881848,
    8166.44808924,     8168.29510413,     8168.66848013,     8169.5938362,
    8170.415779,     8171.09511098,     8171.82355315,     8173.11153398,
    8173.73829266,     8174.36618091,     8175.53162895,     8176.44921345,
    8177.33154272,     8178.10466695,     8179.69038702,     8180.03575214,
    8181.01320982,     8181.28204461,     8182.43011679,     8183.12999025,
    8184.25460067,     8185.03868317,     8186.60522828,     8187.01908613,
    8187.92739855,     8188.67509215,     8189.45800168,     8190.53885965,
    8191.31735942,     8192.33464994,     8192.99540673,     8193.23341099,
    8194.92940814,     8196.06758492,     8196.94832475,     8197.51335394,
    8198.24261179,     8199.58511718,     8199.88477386,     8200.34195221,
    8201.75526036,     8202.87664617,     8203.52920374,     8204.76172933,
    8205.25925053,     8206.22837506,     8207.28117527,     8208.16760752,
    8208.84642431,     8209.53068558,     8210.5103488,     8211.03088888,
    8212.26561242,     8213.25326755,     8214.66874795,     8215.23762496,
    8215.96262847,     8216.50266126,     8217.26800409,     8218.61957333,
    8219.34654383,     8220.0500145,     8220.85288245,     8222.15393348,
    8222.90879316,     8223.80409321,     8224.78304149,     8225.66248469,
    8226.60639158,     8227.02203231,     8227.89806396,     8228.75659182,
    8229.30942434,     8231.31860491,     8231.7520394,     8232.53439749,
    8233.38501784,     8234.46309396,     8234.94046339,     8235.90307766,
    8236.85283763,     8237.66123932,     8238.64382485,     8239.16609955,
    8240.10766017,     8241.81053985,     8242.26298338,     8243.12612516,
    8244.12667234,     8244.52247304,     8245.29190282,     8246.41475023,
    8247.10452364,     8248.19801544,     8249.18221167,     8250.47664045,
    8250.90512843,     8251.5919308,     8252.49596335,     8253.79526175,
    8254.54211087,     8255.23810066,     8255.51907869,     8256.77771495,
    8257.75223689,     8258.99799891,     8259.86852526,     8260.78250276,
    8261.56625351,     8262.00212242,     8263.16889973,     8263.54104829,
    8264.79883293,     8265.84742825,     8266.45916773,     8267.62080231,
    8268.30679708,     8269.29383737,     8270.59737514,     8271.10298899,
    8271.52712456,     8273.02372702,     8273.35908866,     8274.26074892,
    8274.76129617,     8276.53208762,     8277.55053173,     8278.31104489,
    8278.72415512,     8279.65822029,     8280.57668459,     8281.42773383,
    8282.32518683,     8283.3642301,     8283.68271974,     8284.83705915,
    8286.15646538,     8286.66608856,     8287.73651226,     8288.98043606,
    8289.38800123,     8290.17802676,     8290.94129701,     8291.36059249,
    8292.96294519,     8293.58817038,     8294.8468629,     8295.56851732,
    8296.69373959,     8297.2169606,     8297.84703514,     8299.0929309,
    8300.01243501,     8300.5363699,     8301.50548888,     8302.24347866,
    8302.93261009,     8304.59058571,     8305.58763516,     8306.14291644,
    8306.72399499,     8307.76191337,     8308.42265423,     8309.35168427,
    8310.14262595,     8310.89526617,     8312.48788818,     8313.14421139,
    8313.58488535,     8314.93671463,     8315.5089347,     8316.99169701,
    8317.1380316,     8318.21708226,     8318.75935584,     8319.74743644,
    8320.46351255,     8321.89568624,     8322.99596407,     8323.50878817,
    8324.65642921,     8325.30063698,     8325.70879728,     8326.61973816,
    8328.07921169,     8328.71558974,     8329.2713407,     8330.21204892,
    8331.59350285,     8332.26307102,     8333.23766471,     8334.05272666,
    8335.03729236,     8335.62639267,     8336.46188974,     8337.07604092,
    8337.87129547,     8339.25748061,     8340.39371433,     8341.28155484,
    8341.92498069,     8342.35031354,     8343.64910164,     8344.66163867,
    8345.05300832,     8346.08311288,     8346.96346336,     8347.71009677,
    8348.74755986,     8349.53497922,     8351.13442181,     8351.6615475,
    8352.41711985,     8352.9580737,     8353.84560905,     8354.91854944,
    8355.26891397,     8356.90404099,     8357.3174714,     8358.61942586,
    8359.65840719,     8359.97076563,     8361.0736254,     8361.85409931,
    8362.91026969,     8363.89658417,     8364.27031308,     8364.92165425,
    8365.84246179,     8367.5702029,     8368.30017109,     8368.92419269,
    8369.98051663,     8370.77425991,     8371.30804355,     8372.08757439,
    8373.14744544,     8374.07646046,     8374.96751213,     8375.84357532,
    8376.9647853,     8377.39188657,     8378.85000056,     8379.46560129,
    8380.55622874,     8380.96615432,     8381.56409025,     8382.90550068,
    8383.40269046,     8384.24326486,     8386.02086634,     8386.71677295,
    8387.24032839,     8388.19982752,     8388.63553822,     8389.78519439,
    8391.04304505,     8391.34576945,     8392.20260909,     8393.25338349,
    8394.04874702,     8395.25815389,     8396.23818323,     8396.95672648,
    8397.8015386,     8398.74071565,     8399.52515221,     8399.73328038,
    8400.79002963,     8402.07124948,     8403.28713273,     8403.81443492,
    8404.7392895,     8405.70519548,     8406.56935549,     8407.08486352,
    8408.33151321,     8408.92873638,     8410.10247927,     8410.36524131,
    8411.25438429,     8412.63414184,     8413.6809794,     8414.78345075,
    8415.40349986,     8415.72325402,     8416.83812992,     8417.5565274,
    8418.52723923,     8419.56910902,     8420.00524898,     8421.50839025,
    8422.37852764,     8423.24064828,     8423.38906375,     8425.25097177,
    8425.83972927,     8426.28746735,     8427.28334887,     8428.01857312,
    8428.62483003,     8429.99585568,     8431.17700063,     8431.95536042,
    8432.97595883,     8433.31248029,     8434.4154213,     8435.0581372,
    8435.8113854,     8437.04392377,     8437.89077051,     8438.58150872,
    8439.28045388,     8440.62249564,     8441.68087547,     8442.34254849,
    8443.18437582,     8443.85935882,     8445.01955066,     8445.34374335,
    8446.18634982,     8447.09701228,     8448.63417664,     8449.49601888,
    8450.17045078,     8451.01105149,     8451.67235484,     8452.52678759,
    8453.84054433,     8454.38559387,     8455.12911474,     8455.68220131,
    8457.25693389,     8457.58495668,     8459.07790297,     8459.81731781,
    8460.91388907,     8461.56286785,     8462.06988643,     8462.64657916,
    8463.89949985,     8464.87854253,     8465.53751049,     8466.82633599,
    8467.63563019,     8468.44430712,     8469.24186682,     8470.28546215,
    8470.85556788,     8472.1067567,     8472.58159359,     8473.42214253,
    8474.17898672,     8474.8403204,     8476.90466492,     8477.3886941,
    8477.92186102,     8478.84281677,     8479.72151791,     8480.4980984,
    8481.30191757,     8481.98775705,     8483.48231447,     8483.70936523,
    8485.13431548,     8485.73159582,     8486.69552439,     8487.79449404,
    8488.69241861,     8489.3358436,     8490.03561118,     8490.80070591,
    8491.50745477,     8492.59648705,     8493.82357464,     8494.55201803,
    8496.02985006,     8496.29000223,     8497.05388671,     8497.6373563,
    8498.95506549,     8499.84853808,     8500.58762333,     8501.30275547,
    8501.90854484,     8503.52822547,     8504.08887361,     8505.26351305,
    8506.18446709,     8506.65563025,     8507.56843067,     8508.34183918,
    8509.20509276,     8509.60516807,     8511.16818115,     8512.23729897,
    8513.18050424,     8513.42836686,     8514.60312241,     8515.51030617,
    8516.52071099,     8517.0667934,     8517.83691241,     8518.99422923,
    8519.54324191,     8520.20419277,     8521.69852941,     8522.88346147,
    8523.58176609,     8524.07295989,     8525.19274084,     8525.58014594,
    8526.38496708,     8527.80128548,     8528.33527966,     8529.16572524,
    8530.39208847,     8531.21596941,     8532.31164798,     8532.61070727,
    8533.78019449,     8535.04215048,     8535.46744984,     8536.03331008,
    8536.74966415,     8537.77837401,     8539.05711823,     8540.19259572,
    8540.96664937,     8541.53998281,     8542.56539247,     8543.33909642,
    8543.75151972,     8545.30333407,     8545.61812241,     8546.69149145,
    8547.70910814,     8548.38038838,     8549.30549577,     8550.74226513,
    8551.45118385,     8552.03684725,     8552.70468882,     8553.65769523,
    8554.54003526,     8555.1295486,     8556.06220908,     8557.5270268,
    8558.61265624,     8558.92346088,     8559.96012431,     8560.42616701,
    8561.80054103,     8562.35482938,     8563.58251128,     8563.91039263,
    8564.75738272,     8565.61874368,     8567.20460715,     8567.74453973,
    8568.74674832,     8569.69523096,     8570.47314425,     8570.94621542,
    8571.8188962,     8572.42646476,     8573.88293474,     8574.91300332,
    8575.17596871,     8576.70893463,     8577.398702,     8577.97124676,
    8579.23690098,     8579.91796413,     8580.70200392,     8581.55635473,
    8582.29673674,     8582.98242642,     8583.91302138,     8585.65146315,
    8586.17483398,     8587.19732093,     8587.71128819,     8588.0948526,
    8589.64247671,     8590.12718842,     8591.0955673,     8591.80379234,
    8592.92090177,     8594.05574866,     8594.50206246,     8595.55090947,
    8596.78724122,     8597.38449885,     8598.23007243,     8599.00681311,
    8599.43178076,     8600.4955183,     8601.33616304,     8602.80093063,
    8603.66715806,     8604.20487575,     8605.37203785,     8606.06501194,
    8606.59684705,     8607.46958416,     8608.87405441,     8609.47657648,
    8609.96994652,     8610.90054917,     8612.00724103,     8613.34909257,
    8614.15353062,     8614.57029762,     8615.7789909,     8616.33414513,
    8617.17042315,     8617.68238801,     8619.00461024,     8619.61007526,
    8621.15433097,     8621.95265016,     8622.39031462,     8623.28460367,
    8624.22009652,     8625.48106998,     8626.01658294,     8626.5700469,
    8627.46944041,     8628.43174837,     8629.27684395,     8630.3307997,
    8631.66946539,     8632.39879341,     8633.07191419,     8633.59139334,
    8634.592756,     8635.20692173,     8636.43986571,     8637.18756398,
    8638.15080559,     8638.92902621,     8640.05673978,     8640.93085883,
    8641.65696076,     8642.64342272,     8643.45448734,     8644.16649425,
    8645.31489092,     8645.62953914,     8646.02167193,     8648.18081766,
    8648.77461922,     8649.78088084,     8650.23946109,     8651.37557778,
    8651.86848375,     8652.86153442,     8653.77857697,     8654.50109944,
    8655.64739998,     8656.07271034,     8657.33880075,     8658.2221075,
    8659.06546382,     8660.46474977,     8660.89498532,     8661.46917873,
    8662.18606528,     8663.16087484,     8664.06820499,     8664.93327777,
    8666.00829674,     8667.23203471,     8668.10626627,     8668.37553289,
    8669.31750423,     8670.2334462,     8671.6391277,     8671.82009156,
    8672.77680695,     8673.5240061,     8674.34920186,     8675.5961201,
    8676.92428105,     8677.51936783,     8677.98774653,     8679.29127817,
    8679.74865745,     8680.58405141,     8681.16185278,     8682.38586592,
    8683.50122396,     8684.34513814,     8685.16257675,     8685.79125989,
    8687.189699,     8687.77736411,     8688.4790573,     8689.55133513,
    8690.36481787,     8690.66279762,     8691.92622685,     8692.52317829,
    8694.22841329,     8694.90228944,     8695.9050933,     8696.25831485,
    8697.33651144,     8697.61048568,     8699.09121971,     8699.93642646,
    8700.597522,     8701.16115757,     8702.80425488,     8703.41710102,
    8704.07933224,     8705.31881043,     8706.15465075,     8707.00523658,
    8707.5975377,     8708.1138722,     8709.15969374,     8709.94936515,
    8711.45029448,     8712.27539948,     8712.98672071,     8714.0309539,
    8714.3665028,     8715.58577995,     8716.35642697,     8717.00351523,
    8718.13985393,     8719.09025068,     8719.38255405,     8720.4478933,
    8721.97494217,     8722.7557214,     8723.59909864,     8724.10819807,
    8724.85967604,     8725.95676158,     8726.53684221,     8727.25377368,
    8728.49880086,     8729.62800699,     8730.32289293,     8731.47482818,
    8731.87980225,     8732.62337754,     8734.08139817,     8734.67597384,
    8735.41458654,     8736.08009141,     8736.76765887,     8737.8865997,
    8739.38950817,     8739.71481452,     8741.11249567,     8741.6833259,
    8742.52551071,     8742.99711809,     8743.74904893,     8745.05382714,
    8745.97716141,     8746.4435325,     8747.80730851,     8748.38457086,
    8749.5164235,     8750.33008665,     8751.34643086,     8751.99914101,
    8752.67276359,     8753.77548979,     8754.25890709,     8755.00917612,
    8756.04383113,     8757.90305212,     8758.33010966,     8758.80668642,
    8759.59198137,     8760.79776069,     8761.3356516,     8762.32889028,
    8763.39646937,     8763.6556862,     8765.00586564,     8765.74113158,
    8766.70927447,     8767.79789285,     8768.80040051,     8769.37130801,
    8770.32106874,     8771.02969096,     8771.39636734,     8772.413789,
    8773.89256378,     8774.33692167,     8775.64366541,     8776.41282698,
    8777.32547764,     8778.0167542,     8778.54750153,     8779.87415239,
    8780.75104863,     8781.39984307,     8781.99940525,     8782.76353285,
    8784.09818039,     8785.34900562,     8786.00141692,     8786.92572364,
    8787.51653327,     8788.23412396,     8789.16670465,     8790.05591297,
    8790.60537303,     8791.86575006,     8792.93811538,     8793.74808761,
    8794.5282108,     8795.10219458,     8796.60534862,     8797.28133933,
    8797.93346918,     8798.45971154,     8799.62756655,     8800.4027908,
    8800.87533574,     8802.63395795,     8803.42824394,     8804.22047221,
    8805.17118687,     8805.59943536,     8806.2725406,     8807.48874883,
    8808.22331384,     8809.41350018,     8809.84947766,     8810.60264739,
    8812.16777458,     8812.72571481,     8813.83216275,     8814.31127767,
    8815.5948933,     8816.33368604,     8816.59790242,     8817.60452834,
    8818.2670422,     8819.82325746,     8820.83198367,     8821.42806232,
    8822.43823146,     8822.9824392,     8823.92632436,     8824.8215966,
    8825.74706404,     8826.47128682,     8827.19634437,     8828.12690014,
    8829.20085302,     8829.75734411,     8831.47627401,     8832.09590344,
    8832.66773353,     8833.3532727,     8834.22733395,     8834.89874853,
    8836.17494086,     8836.62344537,     8837.77644783,     8839.10387864,
    8839.78645249,     8840.18384885,     8841.40193009,     8842.18642929,
    8843.08529804,     8844.20989607,     8844.42128032,     8845.39904617,
    8845.92906754,     8847.52997081,     8848.66475858,     8849.29301216,
    8849.94085944,     8850.96866628,     8851.90634348,     8852.14929131,
    8853.02307004,     8854.55825139,     8854.95555122,     8856.07994529,
    8856.73452378,     8857.96306481,     8858.68099971,     8859.69349467,
    8860.67549639,     8861.04669527,     8861.97485988,     8862.80865107,
    8863.49835702,     8864.37800397,     8865.75381937,     8866.79120137,
    8867.75378714,     8868.09227004,     8868.75096702,     8869.69190479,
    8871.07818095,     8871.68992089,     8872.00543289,     8873.29798087,
    8874.05005955,     8875.17281431,     8876.12283858,     8876.89006063,
    8878.28957461,     8878.48087811,     8879.17560972,     8880.3437821,
    8880.62166853,     8881.72607819,     8883.02874126,     8884.1657496,
    8884.44668481,     8885.60230536,     8886.58418147,     8887.05866634,
    8888.14695675,     8888.83119678,     8889.95299622,     8890.53794837,
    8891.30673705,     8891.87437936,     8893.6848404,     8894.60447309,
    8895.03820275,     8896.10333681,     8896.53132301,     8897.67349407,
    8898.05150714,     8899.30272447,     8900.12694677,     8900.85487598,
    8902.24376506,     8903.05448716,     8903.45342278,     8904.49763931,
    8905.78005762,     8906.33472263,     8907.29643918,     8907.62048793,
    8908.36586537,     8909.71466979,     8910.42898951,     8911.75651726,
    8912.71734339,     8913.32497296,     8914.11111678,     8914.74118891,
    8915.62380367,     8916.51417839,     8917.67807816,     8918.30216864,
    8918.91730308,     8920.27628709,     8920.80742492,     8922.34832924,
    8922.96298612,     8923.43036916,     8924.45212484,     8925.46953441,
    8925.91386182,     8926.59067143,     8927.54391028,     8929.29932379,
    8929.80867892,     8930.62218436,     8931.36085374,     8932.15153217,
    8933.16155686,     8934.02358974,     8934.7499253,     8935.68460409,
    8936.25376507,     8937.19815676,     8938.34603549,     8939.30818198,
    8940.29024983,     8941.18157219,     8942.04771243,     8942.47407117,
    8942.90179718,     8944.31550155,     8945.05638487,     8946.15695217,
    8946.78954643,     8948.09486614,     8948.87120307,     8949.65917496,
    8950.0854384,     8951.67958535,     8952.13214637,     8952.91057034,
    8953.66314052,     8954.57026611,     8955.02110598,     8956.90408611,
    8957.71976446,     8958.329613,     8959.0839159,     8959.87252981,
    8960.75746594,     8961.51427757,     8962.37609841,     8963.12259527,
    8964.50176887,     8965.04232265,     8965.90913269,     8966.83185256,
    8968.0831426,     8968.7308308,     8969.5768134,     8970.15646046,
    8971.00814451,     8971.90034157,     8972.39847536,     8973.82788898,
    8974.77954477,     8976.04681331,     8976.33974802,     8977.26775447,
    8978.1391579,     8978.48485607,     8980.10503504,     8980.78997509,
    8981.36459845,     8981.89380943,     8983.29801688,     8984.45847033,
    8984.97692766,     8986.27814362,     8986.76563864,     8987.70876326,
    8988.51324387,     8988.9361794,     8989.73724662,     8991.14364723,
    8991.84722247,     8993.20652275,     8993.84387242,     8994.28529683,
    8995.43808852,     8996.52006032,     8997.02573775,     8997.9675717,
    8998.64889944,     8999.71872803,     9000.24340694,     9001.12940531,
    9002.62377699,     9003.87367752,     9004.05217824,     9004.80511117,
    9005.60679708,     9006.56563059,     9007.26075606,     9008.30470304,
    9009.07007529,     9010.08896286,     9011.03350419,     9012.04228402,
    9012.64445344,     9013.55102107,     9014.56522968,     9015.59668705,
    9015.97793306,     9016.81401997,     9017.34516019,     9018.42447561,
    9020.0724936,     9020.64601712,     9021.25703694,     9022.74593435,
    9022.96548803,     9023.56519377,     9024.66724599,     9025.62855953,
    9026.52171397,     9027.2315048,     9028.10683646,     9028.98708139,
    9030.14763196,     9031.03297678,     9032.14973885,     9032.44425862,
    9033.51572083,     9033.85403485,     9035.16894937,     9035.74905905,
    9036.42930661,     9038.30221047,     9038.74479838,     9039.77317876,
    9040.14020882,     9040.97549123,     9042.313866,     9043.01942132,
    9043.61077297,     9044.61807115,     9045.10859088,     9046.3150297,
    9047.17889892,     9048.58855451,     9049.0879378,     9049.99271487,
    9050.88220563,     9051.428509,     9052.22433939,     9052.75541723,
    9054.40010678,     9054.93126407,     9055.90524059,     9056.78535196,
    9057.93028844,     9058.35273134,     9059.69520179,     9059.90155074,
    9061.26101026,     9062.01037543,     9062.55664082,     9063.06598767,
    9064.39864701,     9065.67644501,     9066.71593722,     9067.34431912,
    9067.89069303,     9068.70756589,     9069.65186401,     9070.41982065,
    9071.48527509,     9072.06889012,     9072.95048199,     9074.38155178,
    9074.86975581,     9075.53980039,     9076.90534256,     9077.94119316,
    9078.38881315,     9078.88506881,     9079.95859469,     9080.60027884,
    9081.52502964,     9082.68745917,     9083.81768447,     9084.71918934,
    9085.26199101,     9086.21679144,     9086.85406463,     9087.61998906,
    9088.9089885,     9089.4259986,     9090.49898866,     9090.95396703,
    9091.77838581,     9093.55454059,     9094.08065374,     9094.81793616,
    9095.70728336,     9096.61158924,     9097.16415072,     9098.09211542,
    9098.53204217,     9099.83663564,     9101.04237424,     9101.88525083,
    9102.49748097,     9103.49378709,     9104.19325614,     9105.07492083,
    9106.47416155,     9106.70526755,     9107.19120266,     9108.61364318,
    9109.02397078,     9110.23038651,     9111.37508488,     9112.38158261,
    9113.30229785,     9113.65879728,     9114.44485344,     9115.04293064,
    9116.42440531,     9117.13705833,     9117.86096803,     9118.81094425,
    9120.11628159,     9120.56926432,     9121.58490224,     9122.50496521,
    9123.39385494,     9124.08487439,     9125.05967715,     9125.60424774,
    9126.2354728,     9127.12139269,     9128.94596224,     9129.47300095,
    9130.44670165,     9130.76815917,     9131.95737371,     9132.87702228,
    9133.25313272,     9134.29913695,     9135.42745733,     9136.13960199,
    9136.67919644,     9138.10591078,     9138.60038279,     9140.23196982,
    9140.5782597,     9141.35717936,     9142.26652322,     9142.83690771,
    9143.59697794,     9144.61998082,     9145.63852232,     9146.52635841,
    9147.80889496,     9148.55504714,     9149.11799685,     9149.55812385,
    9151.02645517,     9151.8176721,     9152.64901857,     9153.26780875,
    9153.7402001,     9155.11113427,     9156.08802623,     9157.20085386,
    9157.95760348,     9158.8301169,     9159.43882497,     9160.35384771,
    9160.79613942,     9161.92643234,     9162.62707528,     9164.01125857,
    9164.76502149,     9165.44866341,     9166.38173437,     9167.38244742,
    9168.30492588,     9169.00561531,     9169.68967231,     9170.65894611,
    9171.40201382,     9172.21332178,     9172.68391045,     9174.79944825,
    9175.20883588,     9175.92745835,     9176.89101712,     9177.47920889,
    9178.1303776,     9179.28597976,     9180.3211134,     9180.73928697,
    9181.7029743,     9182.81117398,     9183.69983754,     9184.76719441,
    9185.13600061,     9186.57814664,     9187.34508689,     9187.81149703,
    9188.46482956,     9189.18731322,     9190.36677936,     9191.46311866,
    9192.43869165,     9193.36891188,     9194.03649758,     9194.99861807,
    9195.41599334,     9196.54137682,     9197.37579302,     9198.42875155,
    9198.78934749,     9200.00674634,     9200.45107757,     9201.83743483,
    9203.05094149,     9203.7617901,     9204.44993035,     9204.76070826,
    9206.16535079,     9206.84737542,     9207.18975033,     9208.52041415,
    9209.48093306,     9210.87397897,     9211.22022062,     9211.87832661,
    9212.94254302,     9213.95345724,     9214.80981538,     9215.38306361,
    9216.39649988,     9216.889163,     9217.63241363,     9219.12506527,
    9220.02008339,     9220.85213798,     9222.00079829,     9222.35404756,
    9223.23785907,     9223.8700461,     9224.57816342,     9226.1732159,
    9226.6257628,     9227.26219497,     9228.50215799,     9229.55836413,
    9230.16070478,     9231.11634155,     9232.0825941,     9232.76455762,
    9233.69036651,     9234.08640168,     9235.30907431,     9235.52066902,
    9237.25582577,     9238.52552418,     9238.87316212,     9239.59976045,
    9240.46331841,     9241.16892723,     9242.43874706,     9243.00272714,
    9243.62962541,     9244.72225615,     9245.73031726,     9246.37247922,
    9247.32368201,     9248.85966443,     9249.09713424,     9250.21723255,
    9250.85026873,     9251.32533201,     9252.30198266,     9253.26689588,
    9254.03996375,     9255.62924273,     9255.87030716,     9257.09097637,
    9257.92285105,     9258.51319799,     9259.1994905,     9260.46268609,
    9261.41091775,     9261.83261553,     9262.57190534,     9263.2788639,
    9264.80855551,     9265.91499934,     9266.52335559,     9267.15763738,
    9268.35988508,     9268.84666384,     9269.3853126,     9270.50492593,
    9271.30102812,     9272.39410269,     9273.2668432,     9274.33813384,
    9274.98637591,     9275.55551246,     9277.16051444,     9277.60876837,
    9278.35621455,     9279.04093308,     9279.93825616,     9280.76926759,
    9281.53743879,     9282.73428894,     9284.09368168,     9284.76247844,
    9285.34415969,     9285.84943112,     9286.90156916,     9287.79942753,
    9288.65767886,     9289.63471649,     9290.23847256,     9291.07114995,
    9292.45015102,     9293.02037157,     9294.0770998,     9294.99441429,
    9295.56422347,     9296.60704727,     9297.32859782,     9297.79141709,
    9298.41582295,     9300.17430471,     9301.09550497,     9301.63067786,
    9302.76116916,     9303.23885258,     9304.4781691,     9304.74721915,
    9306.00292538,     9306.80809867,     9307.50114415,     9308.39768758,
    9309.05930721,     9310.29418282,     9311.39426339,     9312.28709001,
    9313.13711098,     9313.64204179,     9314.19176756,     9315.25777709,
    9316.0919938,     9317.22147836,     9317.52086438,     9319.33790016,
    9319.82779519,     9320.59291336,     9321.35503746,     9322.19985898,
    9323.57990384,     9324.038643,     9324.66247803,     9325.35989102,
    9326.49659379,     9327.02934018,     9328.93727621,     9329.23594041,
    9330.23065958,     9330.92183416,     9331.87583821,     9332.54553571,
    9332.99017778,     9334.30589878,     9335.2064892,     9336.03151111,
    9336.96641572,     9337.53550603,     9338.97053275,     9339.73420671,
    9340.33600501,     9341.3408222,     9341.9995746,     9342.92390216,
    9343.47876154,     9344.18990397,     9345.47393499,     9346.90962624,
    9347.35088676,     9348.41215341,     9348.84743879,     9349.53417483,
    9350.70182306,     9351.64012634,     9352.39966327,     9353.0144531,
    9353.74350676,     9355.23510616,     9355.82017598,     9356.6730338,
    9357.97051389,     9358.83867556,     9359.07690341,     9360.02505742,
    9360.68231426,     9361.52705253,     9362.64821473,     9363.69001654,
    9364.53242266,     9365.56556138,     9366.26348525,     9366.85645211,
    9367.99462156,     9368.90091816,     9369.26487503,     9370.76336624,
    9371.17873481,     9371.58759999,     9372.78475197,     9374.37951045,
    9375.170795,     9375.73653752,     9376.32813023,     9377.45065113,
    9377.98370259,     9379.01843793,     9379.49434412,     9380.79387369,
    9381.67584049,     9382.5604408,     9383.56837442,     9384.09045146,
    9385.11035916,     9386.23491402,     9386.88861221,     9387.73383277,
    9388.12180278,     9388.9791696,     9390.09046652,     9391.04976437,
    9392.30585253,     9392.96447718,     9393.98475624,     9394.68978402,
    9395.10341604,     9395.82631015,     9397.47256425,     9397.81826763,
    9398.61886889,     9399.49420683,     9400.5808713,     9401.42751667,
    9402.55290928,     9403.38293075,     9403.92083526,     9405.06287828,
    9405.51798511,     9406.3178204,     9407.24762754,     9407.74543654,
    9409.47133666,     9410.60393708,     9410.80866673,     9411.45704811,
    9412.78736057,     9413.35520475,     9414.36664996,     9415.10679248,
    9415.8231513,     9416.80419113,     9417.53292498,     9418.3491846,
    9419.7442694,     9420.58258362,     9421.52689205,     9422.04001177,
    9422.8107437,     9423.59100866,     9424.17456179,     9425.41196355,
    9426.50690369,     9426.87453397,     9428.23520772,     9429.37914412,
    9429.57402527,     9430.53551412,     9431.48555195,     9432.7138261,
    9433.12501823,     9433.82671594,     9434.66666573,     9435.19631428,
    9437.17884932,     9437.41949681,     9438.83519155,     9439.2883519,
    9439.97862885,     9440.80406991,     9441.85709624,     9442.2746345,
    9443.44924971,     9444.31135387,     9445.24761082,     9446.16280421,
    9446.79612204,     9447.90752496,     9449.2015806,     9449.60972539,
    9450.15231358,     9451.04402547,     9452.148977,     9452.58121409,
    9453.38446673,     9454.9418367,     9455.87979458,     9456.63884899,
    9457.28993895,     9457.97239729,     9458.82668439,     9459.76941065,
    9460.9037725,     9461.40492206,     9462.13798988,     9462.93651617,
    9464.21790435,     9465.26189553,     9465.99117719,     9466.72258707,
    9467.86063279,     9468.49480438,     9469.13203934,     9469.45600651,
    9470.882771,     9471.81926969,     9472.9079427,     9473.72307955,
    9474.39224566,     9475.56552114,     9475.9196355,     9477.13788572,
    9477.82732047,     9478.85569995,     9479.22947869,     9480.23527134,
    9481.14388226,     9481.83978862,     9483.68881565,     9484.20729838,
    9484.64038896,     9485.75385666,     9486.03086886,     9487.21581025,
    9488.10721489,     9488.90378485,     9489.54625857,     9491.03678928,
    9491.62233713,     9492.55985159,     9493.13484795,     9494.47885224,
    9495.15647792,     9495.86007204,     9496.82390885,     9497.25544278,
    9497.95100726,     9499.13722293,     9500.59532134,     9501.21726771,
    9501.92252003,     9503.0424983,     9503.60111776,     9504.26401763,
    9505.08608035,     9506.11385406,     9507.22379058,     9507.96150178,
    9508.12963745,     9509.76991384,     9510.61555192,     9511.55097767,
    9512.38020855,     9513.33522921,     9513.53389334,     9514.81432281,
    9515.33333558,     9516.04785177,     9517.24800184,     9518.40146228,
    9519.48065735,     9520.01454368,     9520.83064394,     9521.16243713,
    9522.91608265,     9523.29328727,     9524.1721452,     9524.67399975,
    9525.83750822,     9526.52798121,     9527.68093749,     9528.63239736,
    9529.77168193,     9530.40594218,     9531.14792359,     9531.62557162,
    9532.67484934,     9533.23798586,     9534.47166071,     9535.37726952,
    9536.20987687,     9537.25363171,     9537.83491553,     9539.18279645,
    9539.51474427,     9540.39619726,     9541.66710205,     9542.02834045,
    9543.16150441,     9543.32734211,     9544.33338634,     9546.14806214,
    9546.85095823,     9547.45149452,     9548.20269975,     9549.10940807,
    9550.02382519,     9550.29743582,     9551.80231011,     9552.36973729,
    9553.05552983,     9554.43873102,     9555.13235113,     9555.76551719,
    9557.03345024,     9557.86407355,     9558.77859759,     9559.49787739,
    9559.65100279,     9560.80427586,     9561.82685517,     9562.59516027,
    9563.76748477,     9564.9415866,     9565.71927021,     9565.99847375,
    9567.08476281,     9567.68066864,     9568.92013675,     9569.7575838,
    9570.2829287,     9571.22583596,     9571.87299312,     9573.17082878,
    9574.2602121,     9575.15959677,     9575.62769311,     9576.50412043,
    9577.46272073,     9578.08226899,     9578.75293735,     9579.44957745,
    9581.12528406,     9581.81393139,     9582.53101295,     9583.48843707,
    9584.16333529,     9585.14306386,     9586.25523392,     9586.57222239,
    9587.58153466,     9588.56242237,     9588.89794618,     9589.94653984,
    9591.31381941,     9592.13027214,     9593.20518049,     9593.91016541,
    9594.43142978,     9594.98828587,     9595.99369525,     9597.34024623,
    9597.61834209,     9598.76616977,     9599.4493751,     9601.02359444,
    9601.37405167,     9601.97295277,     9603.38732043,     9604.113456,
    9604.8313315,     9605.50908056,     9606.20858967,     9606.94884212,
    9608.03644461,     9609.58031049,     9610.21076639,     9610.80282332,
    9611.66588778,     9612.60634975,     9613.16796342,     9614.25232336,
    9614.79092745,     9616.0801251,     9616.57630436,     9617.71156346,
    9618.14780372,     9619.66265756,     9620.71157005,     9621.16575937,
    9621.7574076,     9622.96040119,     9623.37843443,     9624.13494454,
    9625.22207559,     9626.01552681,     9627.41092259,     9628.22471192,
    9628.81417605,     9629.72436647,     9630.3019669,     9631.28020929,
    9632.56226548,     9633.11114544,     9633.58991958,     9634.27515016,
    9635.65173953,     9636.58619072,     9637.63682987,     9638.33397021,
    9639.40037227,     9639.94163265,     9640.66762445,     9641.27192764,
    9642.17258367,     9643.65151054,     9643.85030073,     9645.2680041,
    9646.03360139,     9646.68212024,     9647.77687429,     9648.59312749,
    9649.6976276,     9649.85379096,     9650.99912389,     9651.87145619,
    9652.53846403,     9653.01487457,     9654.96334536,     9655.67024256,
    9656.50915643,     9657.00607368,     9657.62581686,     9658.78067823,
    9659.63711634,     9660.20299938,     9661.37153356,     9661.95783604,
    9663.08576815,     9663.88107655,     9665.03945445,     9665.48566165,
    9666.80721249,     9667.5642273,     9668.13542897,     9668.70012812,
    9669.74561621,     9670.16211385,     9671.94951273,     9672.49434034,
    9673.3961909,     9674.54729939,     9675.12222669,     9675.73427208,
    9676.48297044,     9677.76249077,     9678.4414448,     9679.30964602,
    9679.80616848,     9680.76283361,     9681.93318155,     9683.09774292,
    9683.86702167,     9684.5895859,     9685.30800423,     9685.96000052,
    9686.93890171,     9687.63565037,     9688.45250412,     9689.4249003,
    9691.0076926,     9691.34509941,     9692.12960896,     9692.77546509,
    9694.16001879,     9694.81024905,     9695.58726512,     9696.34058432,
    9696.96909291,     9697.9640787,     9698.73591807,     9699.90975113,
    9701.26863604,     9701.75095589,     9702.3436707,     9703.64013687,
    9703.83738825,     9704.48032578,     9705.87621599,     9706.80286552,
    9707.41464704,     9708.18607819,     9709.50243861,     9710.18567957,
    9711.15638104,     9711.88731234,     9712.6689569,     9713.80390957,
    9714.47637268,     9714.68910556,     9715.65442652,     9716.86489395,
    9718.21732392,     9719.00394823,     9719.58460541,     9720.46445408,
    9721.10447305,     9721.99675331,     9723.05845513,     9723.73731327,
    9724.37387322,     9725.54912899,     9726.18790255,     9727.40372848,
    9727.88033535,     9729.49602575,     9730.11958618,     9730.57690431,
    9731.37282773,     9732.00689364,     9733.3038598,     9733.61046409,
    9734.85551562,     9736.09079232,     9736.73036915,     9737.85558295,
    9738.24042132,     9739.0210722,     9740.13557574,     9741.07608775,
    9741.65797211,     9742.62356474,     9743.23209625,     9743.73376236,
    9745.63906662,     9746.44026875,     9746.82572828,     9748.00269706,
    9748.63928222,     9749.48225435,     9750.07474214,     9750.77300561,
    9751.98330743,     9753.03470048,     9753.71721306,     9754.68049929,
    9755.49511225,     9756.3801047,     9757.26089947,     9758.3074541,
    9758.81466517,     9759.59224666,     9760.27089138,     9761.36318925,
    9761.8875693,     9763.2940998,     9764.41634997,     9765.29807729,
    9765.79804505,     9766.23875474,     9767.28985868,     9768.16859616,
    9769.34184758,     9769.96346033,     9770.29858589,     9771.8722798,
    9772.65416868,     9773.28433785,     9774.70361746,     9775.08828354,
    9776.25153392,     9776.73038189,     9777.69267938,     9778.14880661,
    9778.88076328,     9780.31332943,     9781.3837324,     9782.38552567,
    9782.61081634,     9783.72253456,     9784.68067756,     9785.38106285,
    9785.90003412,     9787.27692019,     9787.95348612,     9788.47775939,
    9789.4023706,     9790.36438493,     9791.98340004,     9792.24672893,
    9793.54999929,     9793.64761879,     9794.76105181,     9795.42003138,
    9796.20181106,     9797.29302461,     9798.0341914,     9799.09619251,
    9800.34871249,     9800.83181535,     9801.52759849,     9802.2472182,
    9803.78272437,     9804.33938675,     9804.77101077,     9805.67219192,
    9806.37306956,     9807.41526867,     9808.57942684,     9809.66290515,
    9810.29182688,     9811.32310761,     9812.02619073,     9812.26897945,
    9813.48897453,     9814.29250939,     9815.14540988,     9816.28072547,
    9816.93761601,     9817.66581607,     9818.9151014,     9819.70320923,
    9820.65210974,     9821.39931263,     9821.90282974,     9823.07806139,
    9823.7028957,     9824.29534671,     9825.03407023,     9826.94669521,
    9827.54783223,     9828.15575356,     9828.97328731,     9829.93347334,
    9830.30790237,     9831.76042933,     9832.23760206,     9833.13969432,
    9833.89835038,     9834.67076497,     9836.1126605,     9836.48590652,
    9837.7566549,     9838.63107153,     9839.43535954,     9840.03824969,
    9840.72946997,     9841.16556542,     9842.66166469,     9843.42627864,
    9844.26901499,     9845.51448492,     9846.23402222,     9846.88379056,
    9847.70026224,     9848.56359713,     9849.55968638,     9850.34091539,
    9851.16811572,     9851.62395698,     9852.55223673,     9853.63753041,
    9855.04580375,     9856.031387,     9856.1770609,     9856.91017567,
    9858.16458111,     9858.73241414,     9859.38115952,     9860.36020533,
    9861.36351549,     9862.3790132,     9863.48048296,     9863.69833998,
    9864.7898291,     9866.12199398,     9866.51526811,     9867.4442256,
    9868.27445269,     9868.71465933,     9869.81287833,     9870.33225856,
    9872.00062338,     9872.55866606,     9873.8022209,     9874.32395763,
    9875.2189941,     9875.60095625,     9876.47901706,     9877.78265401,

]
